Participants,HearingPass,AttentionCheck,EnvironmentSounds,LoadingSounds,Headphones,Meditation_BAMA_plus15,Meditation_BAMA_minus15,Meditation_BAMS,Meditation_BSMA,Meditation_BSMS,Brazil_BAMA_plus15,Brazil_BAMA_minus15,Brazil_BAMS,Brazil_BSMA,Brazil_BSMS,OleGuapa_BAMA_plus15,OleGuapa_BAMA_minus15,OleGuapa_BAMS,OleGuapa_BSMA,OleGuapa_BSMS,Thornbirds_BAMA_plus15,Thornbirds_BAMA_minus15,Thornbirds_BAMS,Thornbirds_BSMA,Thornbirds_BSMS,GreatWaltz_BAMA_plus15,GreatWaltz_BAMA_minus15,GreatWaltz_BAMS,GreatWaltz_BSMA,GreatWaltz_BSMS,Skye_BAMA_plus15,Skye_BAMA_minus15,Skye_BAMS,Skye_BSMA,Skye_BSMS,BeatSensitivity,MeterSensitivity,HG_groove,LG_groove,GrooveDiff,HG_like,LG_like,HG_familiar,LG_familiar,GOLD_MSI_Q1,GOLD_MSI_Q2,GOLD_MSI_Q3,GOLD_MSI_Q4,GOLD_MSI_Q5,GOLD_MSI_Q6,GOLD_MSI_Q7,GOLD_MSI_Q8,GOLD_MSI_Q9,GOLD_MSI_Q10,GOLD_MSI_Q11,GOLD_MSI_Q12,GOLD_MSI_Q13,GOLD_MSI_Q14,GOLD_MSI_Q15,GOLD_MSI_Q16,GOLD_MSI_Q17,GOLD_MSI_Q18,GOLD_MSI_Q19,GOLD_MSI_Q20,GOLD_MSI_Q21,GOLD_MSI_Q22,GOLD_MSI_Q23,GOLD_MSI_Q24,GOLD_MSI_Q25,GOLD_MSI_Q26,GOLD_MSI_Q27,GOLD_MSI_Q28,GOLD_MSI_Q29,GOLD_MSI_Q30,GOLD_MSI_Q31,GOLD_MSI_Q32,GOLD_MSI_Q33,GOLD_MSI_Q34,GOLD_MSI_Q35,GOLD_MSI_Q36,GOLD_MSI_Q37,GOLD_MSI_Q38,Instruments,GOLD_MSI_ActiveEngagment,GOLD_MSI_PerceptualAbilities,GOLD_MSI_MusicalTraining,GOLD_MSI_SingingAbilities,GOLD_MSI_Emotions,GOLD_MSI_MusicalSophistication,GOLD_DSI_P1_Q1,GOLD_DSI_P1_Q2,GOLD_DSI_P1_Q3,GOLD_DSI_P1_Q4,GOLD_DSI_P1_Q5,GOLD_DSI_P1_Q6,GOLD_DSI_P2_Q1,GOLD_DSI_P2_Q2,GOLD_DSI_P2_Q3,GOLD_DSI_P2_Q4,GOLD_DSI_P2_Q5,GOLD_DSI_P2_Q6,GOLD_DSI_P3_Q1,GOLD_DSI_P3_Q2,GOLD_DSI_P3_Q3,GOLD_DSI_P3_Q4,GOLD_DSI_P3_Q5,GOLD_DSI_P4_Q1,GOLD_DSI_P4_Q2,GOLD_DSI_P4_Q3,GOLD_DSI_O1_Q1,GOLD_DSI_O1_Q2,GOLD_DSI_O1_Q3,GOLD_DSI_O1_Q4,GOLD_DSI_O1_Q5,GOLD_DSI_O1_Q6,GOLD_DSI_BodyAwareness,GOLD_DSI_SocialDancing,GOLD_DSI_UrgeToDance,GOLD_DSI_DanceTraining,GOLD_DSI_Observation,GOLD_DSI_ParticipatoryDanceExperience,Melody1,Melody2,Melody3,Melody4,Melody5,Melody6,Melody7,Melody8,Melody9,Melody10,Rhythm1,Rhythm2,Rhythm3,Rhythm4,Rhythm5,Rhythm6,Rhythm7,Rhythm8,RtM1,RtM2,RtM3,RtM4,RtM5,RtM6,RtM7,RtM8,Accent1,Accent2,Accent3,Accent4,Accent5,Accent6,Accent7,Accent8,Accent9,Accent10,Tempo1,Tempo2,Tempo3,Tempo4,Tempo5,Tempo6,Tempo7,Tempo8,PROMS_Melody,PROMS_Rhythm,PROMS_MelodyToRhythm,PROMS_Accent,PROMS_Tempo,PROMS_Total,filter_$,MusicalSkills_COMPOSITE,Musician_Category,Dancer_Category,Sex,Age,AgeStartMusicEnsemble,YrsMusicEnsemble,AgeStartMusicLessons,YrsMusicLessons,HrsMusicPracticeDaily,HrsMusicRecreationallyDaily,HrsDailyPlaying,AgeStartDanceLessons,YrsDanceLessons,HrsDancePracticeDaily,HrsDanceRecreationallyDaily,HrsDancingDaily,HrsMusicListeningWeek,MusicianDancerBoth
12258,3,1,1,1,0,1,1,1,4,4,1,1,1,2,3,1,2,1,4,4,2,3,2,4,4,2,2,1,3,4,1,3,1,4,3,2.21,.17,5.6,1.5,4.1,5.1,3.9,4,1.7,3,3,3,5,5,5,5,4,4,3,4,4,5,3,3,5,5,5,4,5,2,5,3,2,3,3,5,5,4,3,6,6,3,1,1,6,2,2,saxophone,25,39,26,28,27,66,3,3,3,3,3,3,4,3,3,4,3,3,5,3,5,4,5,1,2,1,3,3,1,1,3,4,18,20,22,4,15,64,0,0,2,0,0,0,0,0,2,0,1,2,2,2,2,0,1,0,0,2,2,0,2,0,2,0,2,0,0,0,1,1,1,1,0,1,2,0,1,1,1,1,1,1,2,5,4,3.5,4,18.5,0,20.88,1,0,2,20,12,6,0,0,0,0,0,0,0,0,0,0,5,1
13240,1,1,1,1,1,3,2,3,3,3,2,2,2,3,4,1,1,2,3,4,1,2,2,4,4,1,2,2,3,4,2,2,3,3,4,1.46,.67,5.1,1.7,3.4,4.5,3.5,4,1.6,5,6,4,5,5,6,7,5,7,4,4,5,5,5,6,6,4,5,6,6,5,5,6,7,3,5,7,5,3,3,7,7,4,3,6,6,6,6,Trumpet,46,46,41,29,38,94,5,5,4,5,5,5,5,5,4,5,5,3,5,3,5,5,6,1,2,1,6,4,7,6,4,5,29,27,24,4,32,84,0,2,2,0,1,1,2,1,2,2,0,2,0,2,2,0,1,2,2,2,1,0,2,1,0,0,2,2,0,0,0,2,1,1,0,1,2,1,2,1,2,2,2,2,6.5,4.5,4,4.5,7,26.5,0,28.63,2,0,1,22,12,10,0,0,.5,.5,1,0,0,0,0,0,30,1
14147,1,1,1,1,1,1,2,2,4,4,1,1,2,4,4,1,1,1,1,4,1,1,1,3,4,2,1,1,3,3,2,1,1,4,4,2.21,.67,5.8,4.6,1.2,5.1,5.2,3.8,2.3,7,7,4,7,7,7,7,7,7,1,7,7,7,7,4,7,7,7,7,7,1,7,7,7,7,7,7,7,7,7,7,6,7,1,5,6,2,7,voice,45,63,40,43,42,108,7,7,7,7,7,7,7,7,7,7,7,7,7,7,7,7,7,7,4,7,7,1,7,1,7,7,42,42,35,18,30,137,1,0,0,1,0,2,0,0,0,0,1,2,1,0,2,2,0,2,2,2,2,0,2,0,2,0,2,0,0,0,2,2,0,1,0,0,2,0,2,2,0,0,0,2,2,5,5,3.5,4,19.5,1,22.38,3,3,2,19,0,0,0,0,2,6,8,3,16,2,3,5,48,3
15104,1,1,1,1,1,2,2,2,4,4,1,2,1,3,3,1,3,2,4,4,2,3,1,3,4,2,2,2,2,4,2,3,2,3,3,1.54,.5,5.6,2.1,3.5,5.7,2.8,4.9,2.5,6,4,3,5,3,3,5,5,5,6,4,5,5,4,5,6,4,5,5,5,5,4,5,6,2,4,3,6,6,6,7,4,4,1,1,5,2,5,violin,42,38,23,34,32,80,5,6,4,5,4,5,2,3,2,2,3,2,4,3,5,5,5,1,1,1,6,4,6,2,2,2,29,14,22,3,22,68,0,1,0,1,2,1,0,1,2,1,2,2,0,0,2,0,1,1,1,0,2,0,0,0,0,0,2,0,0,1,0,0,2,0,0,0,1,0,1,1,1,1,1,0,4.5,4,1.5,2.5,3,15.5,0,17.54,1,0,2,19,13,3,0,0,0,0,0,0,0,0,0,0,10,1
16841,1,1,1,1,1,3,2,2,3,4,3,3,2,2,3,3,4,4,4,3,1,1,1,3,3,1,1,1,1,2,1,1,1,2,3,.83,.5,4.6,1.5,3.1,5.3,4.7,3.6,1.6,5,5,4,6,4,3,4,5,5,3,4,5,4,4,5,5,3,4,5,5,5,5,3,5,3,3,3,6,4,3,5,1,1,1,1,1,1,4,voice,40,35,12,26,30,65,4,5,4,4,5,5,4,4,3,4,3,3,4,4,5,5,5,1,2,1,5,4,7,3,3,3,27,21,23,4,25,75,1,0,2,0,0,0,2,1,2,0,1,2,0,0,2,0,0,0,1,0,2,0,1,1,0,0,2,0,2,2,0,0,1,0,0,0,1,2,0,1,0,1,0,1,4,2.5,2.5,3.5,3,15.5,0,16.83,0,0,2,19,0,0,0,0,0,0,0,0,0,0,0,0,9,0
16846,2,1,1,1,1,1,1,1,3,3,1,1,1,2,3,1,1,2,4,4,2,1,1,4,4,2,1,1,4,4,1,2,1,4,3,2.29,0,6.1,2.5,3.6,6.2,5.3,5.1,2.6,7,6,5,5,5,6,7,5,7,5,5,5,5,7,7,7,5,6,5,7,5,5,5,7,4,5,7,5,5,4,7,5,7,1,6,5,4,5,Piano and guitar equally,47,47,41,35,39,102,4,5,5,5,5,5,4,4,4,5,5,3,5,4,5,5,4,1,2,1,7,4,6,3,3,4,29,25,23,4,27,81,1,1,1,0,1,2,0,0,1,1,2,2,1,2,2,0,1,1,2,1,2,1,2,0,2,2,2,1,2,0,2,2,2,0,1,1,2,1,2,0,2,2,1,1,4,5.5,6,6.5,5.5,27.5,0,29.79,2,0,1,19,12,3,0,0,0,0,0,0,0,0,0,0,24,1
19990,4,1,1,1,1,1,1,2,3,4,2,1,3,3,1,1,4,4,4,4,1,2,1,4,4,4,1,4,4,2,1,4,2,3,1,.67,-.83,5.3,2.3,3,5.9,4.5,4,1.5,6,7,7,3,5,5,7,7,7,5,5,6,5,3,7,7,4,7,3,7,6,5,1,7,1,5,6,7,6,5,7,5,5,1,1,5,3,7,"clarinet, ukulele",55,44,28,31,38,85,3,2,3,1,4,3,5,5,3,5,7,4,5,5,7,7,7,1,1,1,7,1,4,3,3,2,16,29,31,3,20,79,1,2,2,1,2,1,0,0,2,0,2,2,0,1,1,0,1,0,1,2,2,0,2,0,2,0,2,0,0,0,2,2,0,2,0,2,2,2,2,0,0,1,0,0,5.5,3.5,4.5,5,3.5,22,0,21.83,1,0,2,22,11,3,0,0,1,1,2,0,0,0,0,0,4,1
24639,2,1,1,1,0,2,2,1,4,4,3,1,2,4,3,2,2,1,4,4,4,4,3,4,3,1,3,1,3,1,1,2,1,3,4,1.63,-.5,3.8,1.8,2,4.3,3.6,4,1.6,7,1,2,4,4,4,5,4,7,5,6,7,7,4,5,4,4,5,5,5,7,5,4,4,1,6,5,5,6,3,7,3,4,1,1,1,3,3,Guitar,38,48,21,28,29,78,1,1,1,1,1,1,1,1,1,1,1,4,4,1,5,4,5,1,1,1,1,3,7,1,1,1,6,9,19,3,14,37,2,0,0,0,1,0,1,0,1,0,2,2,1,2,1,0,0,0,1,1,2,0,1,1,1,0,1,2,0,0,1,1,1,1,2,1,2,1,2,1,2,0,2,1,2.5,4,3.5,5,5.5,20.5,0,21.63,2,0,1,19,0,0,0,0,1,1,2,0,0,0,0,0,20,1
25755,2,1,1,1,1,2,2,1,4,4,1,1,1,3,3,1,2,2,3,4,2,1,1,4,3,1,1,1,4,2,1,2,1,4,3,2.13,-.5,5.1,2,3.1,5.3,2.5,3.4,1.3,1,5,1,2,3,5,3,5,5,1,1,1,5,1,4,5,1,2,1,3,4,1,2,6,1,5,1,5,3,2,7,1,1,1,2,1,1,4,none,31,25,8,13,26,32,5,5,5,4,5,5,5,5,4,3,5,5,5,1,5,4,3,1,2,1,5,4,6,7,2,1,29,27,18,4,25,78,0,0,1,0,0,2,0,0,2,2,1,2,0,0,0,0,1,1,1,1,0,0,2,1,2,0,2,2,1,0,2,2,1,0,0,2,2,0,2,1,2,2,1,1,3.5,2.5,3.5,6,5.5,21,0,22.63,0,0,1,20,0,0,0,0,0,0,0,0,0,0,0,0,6,0
26989,3,1,1,1,0,1,3,2,1,2,1,2,2,3,1,4,1,1,4,3,1,1,1,2,3,2,1,1,3,1,1,1,2,3,2,.79,-.67,3,1.2,1.8,3.3,1.7,3.4,1,4,4,4,4,4,4,4,5,4,4,4,4,3,4,4,4,4,4,4,4,4,4,4,5,4,5,4,4,5,4,5,1,1,1,1,1,1,1,n/a,32,36,13,29,25,65,4,4,4,4,4,4,4,4,4,4,4,4,4,4,4,4,4,1,1,1,4,4,1,4,4,4,24,24,20,3,21,71,1,0,0,2,1,1,1,0,0,1,0,0,0,0,1,0,1,0,0,2,0,0,0,2,0,2,1,0,1,0,1,1,0,0,0,1,1,0,1,0,0,1,0,1,3.5,1,3,2.5,2,12,0,12.13,0,0,1,25,0,0,0,0,0,0,0,0,0,0,0,0,5,0
27044,1,1,0,1,1,1,1,1,3,4,1,1,1,3,4,1,2,2,4,4,2,2,1,3,4,1,1,1,3,4,1,1,1,3,3,2.29,.67,5.1,1.7,3.4,5.1,3.5,3,1,5,5,3,4,3,5,4,4,5,2,3,3,4,4,5,6,4,5,4,5,2,4,5,6,3,5,3,4,5,4,7,1,3,1,1,1,1,6,piano?,36,37,14,26,32,65,4,4,5,5,5,6,5,4,4,4,5,3,4,4,6,5,4,1,2,1,4,4,7,5,3,3,29,25,23,4,26,81,1,1,2,0,0,2,1,0,2,1,0,0,0,0,2,0,0,0,0,0,0,0,0,0,0,2,2,0,2,2,2,2,0,1,0,0,2,1,2,2,2,2,0,2,5,1,1,5.5,6.5,19,0,21.96,0,1,1,20,0,0,0,0,0,0,0,0,0,0,0,0,10,0
28547,1,1,1,1,1,3,1,2,3,4,2,1,1,4,3,1,2,1,4,4,1,2,3,4,3,2,3,2,4,4,1,3,1,4,3,1.96,-.33,3.7,1,2.7,3.6,4.7,2,2.3,3,6,3,2,5,5,4,3,4,3,5,3,4,4,6,5,4,5,4,5,3,6,3,4,1,4,1,6,1,1,6,5,4,1,1,1,2,6,Violin,35,40,18,16,30,57,2,2,3,4,2,3,1,3,1,1,1,1,2,1,2,1,1,1,1,1,2,4,1,3,1,1,16,8,7,3,12,34,0,0,0,1,0,2,1,2,0,0,2,1,0,0,0,2,2,2,2,0,2,1,2,0,2,1,2,2,1,2,1,2,2,0,1,1,2,0,0,1,1,2,2,2,3,4.5,5,7,5,24.5,0,26.13,0,0,1,18,0,0,0,0,0,0,0,0,0,0,0,0,60,0
28899,1,1,1,1,1,3,3,3,3,4,3,2,1,3,3,3,3,3,3,4,3,3,2,3,3,3,3,3,3,3,1,3,2,3,3,.63,.33,5.2,3,2.2,5,3.5,2.1,1.6,4,6,1,3,5,5,7,5,6,6,4,5,4,5,3,6,6,5,5,5,4,5,5,6,3,3,3,6,6,4,7,3,4,1,4,4,3,6,SAXOPHONE OR GUITAR,36,41,26,35,35,78,6,7,6,7,6,6,5,6,6,7,7,6,6,7,6,6,5,3,4,6,7,7,7,7,6,7,38,37,30,13,41,118,1,1,1,0,0,0,2,0,2,0,0,2,1,1,2,0,0,0,1,2,2,1,2,0,0,0,2,0,2,0,2,0,0,0,1,0,2,0,2,0,1,2,0,0,3.5,3,4,3.5,3.5,17.5,1,18.46,2,3,1,18,13,2,0,0,0,2,2,14,4,2,2,4,21,3
29087,2,1,1,1,1,2,2,1,4,3,1,2,1,3,3,1,1,2,4,4,1,2,2,4,2,1,1,1,4,3,1,2,1,3,2,1.88,-.83,4.3,1.1,3.2,3.6,1.3,3.4,1,3,5,3,3,5,5,5,3,5,3,4,4,5,5,3,5,4,5,4,4,4,5,5,4,3,5,3,5,5,3,5,4,2,1,1,1,2,2,VIOLIN,28,43,18,26,28,65,5,5,4,5,4,5,3,4,2,3,5,4,5,3,4,4,5,1,1,1,5,6,4,2,3,3,28,21,21,3,23,73,0,0,2,0,0,0,1,0,2,1,2,2,0,0,0,0,0,1,1,2,1,0,1,1,2,0,2,0,1,1,0,1,0,0,0,1,1,1,1,0,1,0,1,1,3,2.5,4,3,3,15.5,0,16.54,0,0,2,18,0,0,0,0,0,0,0,0,0,0,0,0,4,0
30764,1,1,1,1,1,2,1,2,3,3,2,1,3,3,2,1,2,1,4,4,2,2,1,3,3,1,1,2,2,4,1,2,1,3,3,1.46,.17,6.5,2.7,3.8,5.6,3.7,4.6,3.1,2,6,1,3,6,7,5,6,6,1,6,6,6,6,7,7,2,7,6,6,1,7,1,1,1,6,2,6,5,1,7,6,3,4,1,5,2,2,Euphonium,30,52,25,18,38,60,5,7,5,6,6,5,1,2,2,1,4,1,2,6,5,6,3,1,1,1,7,7,4,1,2,1,34,11,22,3,22,70,0,0,1,0,2,0,1,1,0,1,2,2,2,1,2,0,1,0,1,0,2,0,1,1,2,0,0,1,1,1,2,0,0,0,0,1,2,0,2,0,0,0,0,0,3,5,3.5,3,2,16.5,0,18.13,1,0,1,19,12,6,0,0,1,1,2,0,0,0,0,0,2,1
31018,1,1,1,1,0,3,2,2,2,4,2,3,1,2,4,1,4,4,4,4,4,3,3,4,4,2,3,1,4,4,1,1,1,3,3,1.38,.67,6,1.3,4.7,5.1,1.3,4.3,1,4,5,1,2,4,4,6,4,7,5,6,5,6,4,7,7,4,7,4,4,6,6,4,7,4,7,2,5,4,6,7,1,1,1,1,1,1,7,I dont play an instrument,42,49,11,31,34,66,6,7,5,7,6,6,7,7,5,7,7,7,4,2,6,5,6,3,6,4,6,4,6,7,4,1,37,40,23,13,28,113,1,0,1,0,0,0,0,0,2,0,2,2,1,2,1,1,2,0,1,1,2,2,1,0,0,1,2,2,0,0,1,2,1,0,0,0,1,1,1,1,1,2,1,2,2,5.5,4,4,5,20.5,1,22.54,0,0,2,18,0,0,0,0,0,0,0,12,.5,0,0,0,35,2
31962,1,1,1,1,1,2,4,3,4,3,3,3,3,3,3,1,1,3,3,2,3,3,3,3,2,2,1,3,3,2,1,2,2,2,3,.17,-.5,4.5,2.5,2,3.8,4.1,3.2,1.7,3,5,2,2,1,3,1,5,5,1,2,1,5,1,4,5,2,1,3,4,3,2,1,7,3,3,1,3,3,1,6,1,1,1,1,1,1,4,voice,32,19,7,13,28,38,3,1,3,2,3,3,5,3,2,3,5,3,4,2,5,4,4,1,1,1,5,3,2,5,3,2,15,21,19,3,20,58,0,1,1,0,0,0,2,1,0,0,0,0,0,1,0,0,0,0,0,0,2,1,1,1,0,0,0,1,0,2,0,0,1,1,0,1,1,1,1,0,0,1,0,0,2.5,.5,2.5,3,2,10.5,0,10.17,0,0,1,24,0,0,0,0,0,0,0,0,0,0,0,0,10,0
32001,3,1,1,1,1,2,2,2,4,4,2,3,1,2,4,1,3,4,4,4,2,3,1,4,4,2,3,1,2,4,1,3,1,3,3,1.63,.67,6.1,2.8,3.3,5.4,5,2.5,2.2,7,5,3,4,6,6,6,3,5,3,3,5,2,1,3,6,3,5,4,6,2,5,5,7,1,2,1,7,7,3,7,1,1,1,1,3,2,5,nothing,38,39,10,27,33,64,1,1,1,1,3,1,5,1,1,1,3,2,3,1,5,3,3,1,1,1,5,3,1,1,1,1,8,13,15,3,12,39,1,1,2,1,1,0,0,1,0,0,2,2,1,1,2,0,1,1,2,1,0,0,1,0,2,0,2,0,2,2,0,2,1,0,0,0,2,1,2,1,0,2,0,1,3.5,5,3,4.5,4.5,20.5,0,22.79,0,0,2,20,0,0,0,0,0,0,0,0,0,0,0,0,56,0
32375,4,1,1,1,0,1,1,2,3,4,1,1,1,3,1,2,1,3,4,4,1,1,1,2,4,1,1,1,1,2,1,1,1,3,4,1.63,.5,4.9,1,3.9,4.8,1.2,2.8,1,6,4,4,5,5,5,6,5,5,4,5,5,5,4,4,6,4,5,5,5,4,5,3,5,4,5,6,5,4,4,6,2,2,1,1,3,2,5,recorder,39,43,20,31,31,75,4,4,4,6,5,5,5,5,2,4,5,4,5,3,6,5,5,1,1,1,5,4,2,4,2,2,28,25,24,3,19,80,1,0,2,1,0,2,1,0,0,1,0,2,1,0,2,1,2,0,2,0,2,0,2,0,1,0,2,0,1,0,0,2,0,0,0,1,2,0,2,1,1,0,0,2,4,4,3.5,3,4,18.5,1,20.63,0,0,2,19,0,0,0,0,0,0,0,5,1,0,0,0,14,2
33791,1,1,1,1,1,1,1,1,1,4,1,1,1,3,4,1,1,2,4,4,1,1,1,4,4,1,1,1,4,4,1,2,1,4,4,2.54,.67,5.9,1.3,4.6,5,2.1,3.8,1.1,6,6,1,4,2,7,7,5,6,5,4,5,7,5,7,7,1,7,6,5,5,7,6,5,4,7,2,7,7,5,5,7,2,1,1,1,2,7,voice,44,52,20,33,35,82,7,7,6,7,7,6,6,7,3,4,6,4,7,5,7,7,7,5,6,6,5,5,4,5,2,1,40,30,33,17,22,120,0,2,2,0,0,1,2,0,2,0,0,2,0,0,2,0,1,0,2,0,2,0,1,0,2,0,2,2,2,0,2,2,2,0,0,2,2,0,2,1,2,2,0,2,4.5,2.5,3.5,7,5.5,23,1,26.21,0,1,2,19,0,0,0,0,0,0,0,4,12,0,3,3,18,2
36284,1,1,1,1,1,2,2,2,4,4,3,2,1,3,4,2,4,4,4,4,1,2,2,3,4,2,1,3,4,4,2,1,1,4,4,1.67,.33,6.1,3.6,2.5,5.2,4.9,4.1,2.8,4,5,3,5,3,5,6,5,5,6,4,5,4,5,5,5,4,5,4,6,3,5,5,3,3,5,3,4,5,5,6,4,2,1,1,3,2,4,guitar,32,41,20,34,31,74,3,3,4,4,4,3,3,5,2,3,5,4,3,2,5,4,5,1,2,2,5,5,4,3,3,3,21,22,19,5,23,67,1,0,1,1,0,0,0,0,2,1,2,2,0,1,1,1,1,1,1,0,1,0,0,0,1,0,2,0,1,0,1,1,0,1,0,1,1,1,1,0,1,1,0,1,3,4.5,1.5,3.5,3,15.5,1,17.5,1,0,2,18,15,1,0,0,1,.5,1.5,13,.5,0,0,0,8,3
38316,2,1,1,1,1,1,1,1,4,4,1,1,1,4,4,1,3,1,4,4,3,1,1,2,4,3,2,1,4,3,1,1,1,4,4,2.5,.17,5.4,2.3,3.1,3.9,3.3,4.9,2.3,6,7,4,7,6,6,6,7,7,6,4,5,5,2,7,7,4,3,5,7,1,6,5,7,6,6,1,7,4,3,7,1,1,2,1,1,2,7,voice,48,46,9,36,40,79,4,5,5,6,5,4,6,6,5,5,7,7,7,3,7,7,7,1,2,1,5,2,7,3,1,2,29,36,31,4,20,100,1,1,2,1,0,0,1,0,0,0,0,1,0,0,1,0,1,0,0,0,1,0,1,0,1,0,2,0,1,0,2,1,0,0,0,2,2,0,2,0,2,1,0,1,3,1.5,1.5,4,4,14,0,16.67,1,0,1,19,0,0,0,0,0,0,0,0,0,0,0,0,60,0
38418,1,1,1,1,1,1,1,1,4,4,1,1,1,4,4,1,1,3,4,4,2,1,1,4,4,1,3,1,4,4,1,1,1,4,3,2.71,-.17,6.7,1.9,4.8,6.9,4.4,4.7,1.8,5,7,2,4,2,7,2,7,7,1,4,4,5,1,6,7,4,6,5,6,4,6,1,7,1,5,2,5,1,1,7,1,1,2,1,1,1,5,n/a,43,40,8,14,39,49,5,5,5,5,5,3,5,7,1,5,7,7,5,5,5,7,7,1,2,1,5,7,7,1,3,1,28,32,29,4,24,93,0,1,0,1,1,0,0,1,0,2,2,0,0,1,2,0,0,0,1,0,1,0,1,0,1,1,2,2,1,1,1,1,1,1,1,1,2,2,2,0,2,1,1,1,3,2.5,2.5,6,5.5,19.5,0,22.04,0,1,2,19,0,0,0,0,0,0,0,0,0,0,0,0,2.5,0
38736,1,1,1,1,1,1,1,3,4,4,3,3,3,4,4,1,1,4,4,4,3,3,1,3,4,1,1,2,4,4,4,4,1,4,4,1.63,.17,7,2.7,4.3,6.2,5.4,5.6,2.5,4,7,1,4,5,5,6,4,7,5,5,5,6,5,4,7,2,5,3,7,4,5,5,2,1,5,3,7,6,3,7,3,5,1,1,1,3,3,piano,30,46,21,27,38,67,3,4,5,2,6,3,6,6,4,3,7,6,6,5,5,5,5,1,2,3,6,1,1,3,5,1,23,32,26,6,17,87,0,1,2,1,1,0,1,1,1,2,0,2,2,2,2,0,1,2,2,0,2,0,2,1,2,1,2,1,1,1,2,0,0,0,0,2,2,1,2,2,2,1,2,2,5,5.5,5,4.5,7,27,0,28.79,1,0,2,20,0,0,0,0,0,1,1,0,0,0,0,0,8.5,1
38750,1,1,1,1,1,2,2,1,4,4,1,1,1,3,4,1,1,2,4,3,2,1,1,3,4,2,1,1,3,4,1,2,1,4,4,2.38,.33,5.2,3.2,2,4.7,3.9,3.8,1.2,1,4,1,1,4,5,3,6,4,5,4,2,4,1,4,6,6,6,3,3,2,5,3,4,1,4,1,5,5,6,7,1,1,1,2,1,1,2,no instrument,26,37,8,27,27,44,6,7,6,6,5,5,5,4,5,6,6,7,4,4,6,5,5,1,2,1,5,6,4,2,1,5,35,33,24,4,23,96,0,0,2,0,0,1,1,1,1,0,0,2,0,0,2,0,0,0,1,2,1,0,1,0,2,1,2,0,1,0,2,0,1,1,0,2,1,1,0,1,1,1,1,1,3,2,4,4.5,3.5,17,0,19.71,0,0,2,19,0,0,0,0,0,0,0,0,0,0,0,0,20,0
39090,2,1,1,1,1,2,2,2,2,4,2,2,2,2,3,2,2,2,2,3,1,1,1,3,4,1,3,1,3,2,1,1,1,4,3,1.42,.5,5.6,2,3.6,5.4,3.5,4.9,1.4,5,6,3,3,4,6,2,6,6,5,4,3,3,4,4,6,4,5,3,6,5,4,5,5,3,5,4,5,5,4,6,1,1,1,1,1,1,7,sing,41,39,13,26,33,61,5,3,5,2,6,6,5,4,4,4,5,4,5,3,4,4,4,1,1,1,5,2,4,2,2,3,27,26,20,3,18,76,1,0,2,0,1,1,0,0,2,0,2,1,0,0,2,0,0,1,0,1,1,0,0,0,1,0,2,0,1,1,1,0,0,0,0,1,1,0,1,0,0,1,1,1,3.5,3,1.5,3,2.5,13.5,0,15.42,0,0,2,23,0,0,0,0,0,0,0,0,0,0,0,0,24,0
39788,4,1,1,1,1,2,1,1,3,4,2,1,1,4,4,2,4,1,4,4,4,4,1,4,4,1,4,1,4,4,1,2,1,3,4,2.29,.33,5.9,1.8,4.1,4.6,3.3,5,1.9,5,6,1,2,4,6,4,7,7,3,1,1,5,5,4,7,3,2,4,7,5,3,1,5,1,7,1,7,6,1,6,1,1,1,1,1,1,5,None,40,30,11,20,37,49,4,4,5,4,6,4,5,5,2,4,5,5,6,1,6,6,6,1,2,1,7,4,7,1,6,4,27,26,25,4,29,82,1,1,2,1,0,2,1,0,1,2,0,2,1,1,2,1,0,0,1,0,2,0,1,1,1,1,2,0,1,0,2,2,0,0,0,0,1,1,2,1,1,2,0,2,5.5,3.5,3.5,3.5,5,21,0,23.63,0,1,2,40,0,0,0,0,0,0,0,0,0,0,0,0,35,0
41050,1,1,1,1,1,4,1,2,4,3,2,1,1,4,3,3,3,3,4,4,4,3,1,4,4,3,3,1,2,4,1,1,1,3,4,1.71,.17,4.6,1.5,3.1,4.8,3,3,1.3,3,5,1,3,6,7,5,5,6,5,6,5,5,2,3,6,5,6,5,5,5,6,4,3,5,2,1,3,3,2,3,1,1,2,1,1,1,4,N/A,29,47,8,28,30,56,5,5,6,7,6,6,4,3,3,3,3,4,5,3,5,5,5,1,2,1,6,7,7,3,1,3,35,20,23,4,27,82,0,2,2,1,2,0,2,2,2,0,2,2,1,1,0,1,2,1,2,2,2,0,2,0,2,0,2,0,2,2,1,0,0,2,0,0,2,2,2,2,2,2,2,2,6.5,5,5,4.5,8,29,0,30.88,0,0,1,20,0,0,0,0,0,0,0,0,0,0,0,0,8.5,0
41588,2,1,1,1,1,1,2,1,4,4,1,1,1,2,3,1,1,2,4,4,1,2,2,3,4,1,3,1,4,4,1,2,1,4,4,2.38,.33,5.2,1.5,3.7,5.6,3.8,3.9,1,7,5,3,4,2,6,5,5,7,1,3,6,4,1,5,7,1,5,5,7,4,6,1,7,1,4,1,7,5,4,7,2,3,1,3,3,2,7,Viola,46,37,15,21,38,60,2,1,2,1,4,3,1,2,1,2,4,1,6,4,5,6,3,1,1,1,5,2,7,1,1,3,13,11,24,3,19,51,2,0,2,0,0,2,1,1,2,1,1,2,1,2,1,0,1,0,1,0,1,0,1,1,1,1,2,1,2,1,1,2,1,0,0,2,1,1,1,1,1,0,1,1,5.5,4,3,6,3.5,22,0,24.71,0,0,2,19,0,0,0,0,0,0,0,0,0,0,0,0,35,0
42314,2,1,1,1,1,2,1,1,4,4,1,1,1,4,4,1,1,2,4,4,2,1,1,4,4,2,1,1,4,4,1,1,1,2,4,2.63,.33,5.7,1.4,4.3,5.4,2.4,4.7,1,6,5,2,5,4,7,1,5,7,5,6,5,5,5,6,7,5,7,7,7,5,5,3,7,1,5,4,5,3,1,7,4,5,2,3,5,3,5,Alto Saxophone and Oboe,43,47,29,21,40,77,3,4,4,4,5,5,1,5,5,4,7,5,4,7,7,7,7,2,2,2,7,7,4,4,4,3,25,27,32,6,29,90,2,2,2,1,0,2,1,0,0,2,0,2,0,0,2,0,1,2,2,0,2,0,2,0,0,0,2,0,2,2,2,2,0,1,0,0,2,0,2,0,2,1,0,2,6,3.5,3,5.5,4.5,22.5,0,25.46,2,0,2,19,14,5,0,0,0,0,0,0,0,0,0,0,15,1
43433,1,1,1,1,1,1,1,1,4,2,2,2,2,3,2,3,4,3,4,2,4,4,1,3,4,3,4,3,4,4,2,3,2,1,2,.58,-.5,4.6,2,2.6,4.3,2.6,3.4,1.4,3,6,1,3,4,5,2,4,5,2,4,4,6,1,6,6,2,4,4,4,2,4,5,3,4,5,3,5,5,3,5,1,5,3,1,5,2,2,violin,29,41,18,21,30,56,5,5,5,3,4,4,2,4,2,5,5,2,4,2,3,4,3,1,2,2,5,3,2,5,4,4,26,20,16,5,23,67,1,2,1,0,1,0,0,0,2,0,0,1,0,0,2,1,0,0,1,1,2,0,0,1,0,0,1,0,1,0,1,1,0,0,0,0,1,1,1,1,1,1,0,1,3.5,2,2.5,2,3.5,13.5,0,13.58,0,0,2,19,0,0,0,0,0,0,0,0,0,0,0,0,3,0
44223,1,1,1,1,1,4,2,3,4,4,1,4,4,4,4,1,4,3,4,3,1,3,2,2,4,4,2,2,1,1,3,4,4,4,4,.38,.17,5.7,1.5,4.2,4.9,3.2,1.6,1,4,5,1,1,5,5,4,2,7,5,5,5,5,5,6,6,5,4,4,5,3,5,5,4,1,5,3,7,5,2,7,6,5,1,1,6,2,1,Violin,29,44,28,23,34,71,3,3,4,2,4,3,3,4,3,5,5,3,4,2,2,2,2,1,2,1,7,7,6,2,3,2,19,23,12,4,27,58,0,2,2,0,0,1,2,0,2,1,0,2,1,1,2,1,1,2,2,1,2,0,2,2,2,0,2,2,1,1,0,2,0,0,1,0,2,2,1,2,2,1,0,1,5,5,5.5,4.5,5.5,25.5,0,26.04,1,0,2,19,11,6,0,0,0,0,0,0,0,0,0,0,5,1
44230,1,1,1,1,1,1,1,2,4,4,2,2,1,2,3,1,2,3,4,4,4,1,2,4,4,2,1,1,4,4,4,2,3,4,3,1.71,0,6.5,3.6,2.9,6.5,5,4.7,1.6,3,6,1,1,6,5,4,1,6,1,5,4,3,5,5,5,1,6,4,5,1,5,5,5,3,5,1,6,5,4,7,5,5,1,2,5,2,5,"I used to be able to play the guitar and a little of the drums, but when I was a kid",28,44,25,19,33,60,4,5,5,3,6,5,5,5,4,5,6,4,5,3,6,7,5,3,4,4,6,4,6,3,3,4,28,29,26,11,26,94,2,0,1,0,1,0,1,0,0,0,1,1,0,0,0,1,0,0,1,0,0,0,1,0,0,0,2,1,1,1,1,1,0,0,0,1,1,0,2,1,1,1,0,1,2.5,1.5,1,4,3.5,12.5,1,14.21,0,0,2,20,0,0,0,0,0,0,0,5,.5,0,0,0,20,2
46002,1,1,1,1,1,1,1,1,4,4,1,1,1,1,3,1,1,2,4,4,1,1,1,2,3,2,1,1,3,2,1,1,1,4,3,1.96,.17,4,1,3,3.8,2,3,1.2,1,6,1,1,2,5,5,7,7,3,4,1,5,4,5,5,5,1,1,1,7,1,3,5,3,1,1,5,5,4,7,4,1,1,1,3,2,7,flute and recorder,39,23,16,26,27,51,5,4,3,5,3,6,4,4,1,5,4,3,4,2,5,5,5,1,2,1,6,5,7,4,2,3,26,21,21,4,27,72,1,0,2,0,1,1,0,0,1,1,2,2,0,2,2,2,2,0,1,0,2,1,1,1,0,0,1,0,1,0,1,1,1,0,0,1,1,1,0,0,1,1,0,2,3.5,6,3,3,3,18.5,0,20.63,0,0,2,18,0,0,0,0,0,0,0,0,0,0,0,0,13,0
46916,3,1,1,1,1,2,3,2,3,4,1,3,2,3,3,2,3,3,4,4,3,2,1,4,3,3,2,1,3,2,1,2,1,4,4,1.5,-.17,6.3,1.8,4.5,5.9,2.3,4.5,1.5,7,6,4,3,5,7,4,5,6,2,2,4,6,2,2,7,5,3,4,5,4,2,2,5,3,4,6,3,6,2,7,4,3,2,2,2,2,7,piano,39,35,21,25,35,68,5,7,6,5,6,6,5,4,5,6,6,3,5,5,7,6,5,1,4,1,7,4,4,6,4,4,35,29,28,6,29,98,1,1,1,0,0,0,1,0,2,0,1,1,1,0,1,1,0,1,1,0,0,0,0,1,0,0,2,0,2,1,2,1,1,0,0,1,1,1,1,0,1,1,0,1,3,3,1,5,3,15,0,16.33,1,1,2,19,0,0,0,0,0,0,0,0,0,0,0,0,4,0
47467,1,1,1,1,1,4,3,3,4,4,3,3,2,4,4,4,4,2,4,4,3,2,1,1,4,3,3,1,4,4,1,4,1,4,4,1.46,.5,4.6,3.8,.8,3.2,5.5,2.7,1.8,6,7,2,1,5,3,3,4,6,1,1,4,5,1,5,7,3,2,3,5,1,3,1,6,1,4,1,2,2,1,6,1,1,1,2,2,2,4,guitar,31,28,10,12,34,44,1,4,3,1,5,3,1,4,2,4,2,1,5,2,6,5,5,1,2,2,6,4,2,7,1,6,17,14,23,5,26,59,1,1,1,0,0,1,1,0,2,2,2,2,1,1,1,2,0,2,1,1,0,1,2,0,2,1,2,1,1,0,0,2,0,2,0,0,2,0,2,2,2,0,1,1,4.5,5.5,4,4,5,23,0,24.96,0,1,2,18,0,0,0,0,0,0,0,0,0,0,0,0,20,0
47483,1,1,1,1,0,1,1,1,4,4,1,1,1,1,4,3,4,1,4,4,1,1,1,4,4,3,2,1,4,4,1,2,1,4,4,2.42,.5,5.5,1.4,4.1,5.3,2.7,4.9,2.7,3,6,1,1,5,6,2,2,7,2,5,3,5,2,3,7,2,5,3,6,2,5,5,5,1,5,1,5,4,2,7,3,2,1,4,4,2,1,clarinet,23,44,18,14,36,45,5,6,5,6,5,5,6,7,6,6,7,6,7,6,7,7,6,5,4,6,6,7,6,7,5,5,32,38,33,15,36,118,1,1,2,1,0,1,0,0,2,1,0,2,1,2,2,0,2,0,2,0,0,1,1,1,0,0,1,0,2,0,1,2,1,0,0,2,2,1,0,2,1,0,1,1,4.5,4.5,2.5,4.5,4,20,1,22.92,0,1,2,18,0,0,0,0,0,0,0,6,9,1,1,2,5,2
51804,1,1,1,1,1,1,2,2,4,4,1,1,2,4,3,3,3,2,4,4,2,3,1,4,4,2,3,1,4,3,1,4,2,4,4,2,-.33,4.8,1.6,3.2,3.9,3.7,3.1,2.5,5,5,3,1,1,6,5,5,5,2,3,5,5,3,5,5,3,6,6,7,3,6,1,5,1,3,3,3,1,3,5,5,4,1,6,5,3,3,viola,33,36,29,16,33,61,3,3,5,5,5,3,1,3,4,2,3,3,5,3,5,6,5,5,4,5,5,4,7,5,5,5,24,16,24,14,31,78,0,2,2,0,1,2,2,1,2,2,2,2,0,2,2,0,0,0,1,2,2,0,2,0,2,0,2,0,1,0,2,2,1,0,0,2,2,0,1,0,2,2,0,2,7,4,4.5,5,4.5,25,1,26.67,0,0,2,19,0,0,0,0,0,0,0,5,4,0,0,0,3,2
52779,1,1,1,1,1,3,2,3,4,4,4,1,2,4,4,2,4,4,4,4,1,3,1,3,4,2,2,1,4,4,1,1,1,4,4,1.88,.17,5.6,1.6,4,4.9,2.8,3.5,1.5,3,5,5,1,6,7,6,5,6,2,5,6,6,4,6,7,3,5,3,6,6,5,1,6,1,7,1,5,5,5,7,1,1,1,1,1,1,3,none,40,48,10,23,34,56,3,3,5,3,5,3,5,3,3,3,5,3,5,1,6,6,7,1,1,1,5,3,1,7,1,1,22,22,25,3,18,72,0,0,2,0,0,2,0,0,2,1,0,2,0,0,2,1,0,0,2,0,0,0,2,0,2,1,2,0,2,1,1,0,0,0,0,2,2,1,2,1,2,2,1,2,3.5,2.5,3.5,4,6.5,20,0,22.04,0,0,2,19,0,0,0,0,0,0,0,0,0,0,0,0,3,0
54125,1,1,1,1,1,2,2,1,4,4,3,1,1,4,4,3,3,1,4,4,1,3,2,4,4,1,2,2,3,3,1,3,1,4,4,2.13,0,3.9,1.1,2.8,3.6,2.6,3.1,1.4,3,5,3,3,4,5,4,4,5,5,4,4,5,5,3,5,4,5,5,4,3,5,4,4,3,5,5,5,4,3,5,5,4,1,1,5,3,5,Piano,31,41,28,26,29,71,5,7,5,5,5,5,3,3,3,3,5,3,3,3,3,5,5,1,1,1,4,3,2,4,3,2,32,20,19,3,18,74,0,2,2,1,0,1,2,1,2,0,2,0,0,0,2,2,1,0,1,2,1,1,2,0,1,0,2,0,0,1,1,1,0,0,0,1,1,0,1,0,2,1,1,1,5.5,3.5,4,3,3.5,19.5,0,21.63,0,0,1,19,0,0,0,0,0,0,0,0,0,0,0,0,30,0
54945,1,1,1,1,1,2,1,3,4,4,1,1,2,4,4,1,2,3,4,4,2,3,3,4,4,3,2,2,4,4,1,1,1,4,4,2,0,6.3,1.5,4.8,5.7,4.2,3.9,2.3,7,5,5,5,7,6,4,5,7,5,5,6,5,6,5,5,5,5,4,5,5,5,5,6,4,4,5,5,7,4,7,5,5,3,1,5,3,6,Ukulele or Guitar,47,48,30,34,33,92,4,7,5,7,5,4,3,3,1,4,4,3,5,2,4,4,4,1,1,1,5,3,1,1,1,3,32,18,19,3,14,72,1,0,0,2,0,2,1,1,1,1,1,2,1,2,2,0,0,2,2,0,1,1,2,0,2,1,1,1,1,1,2,2,1,2,1,0,2,1,1,0,1,2,1,1,4.5,5,4.5,6,4.5,24.5,0,26.5,2,0,1,19,14,4,0,0,0,0,0,0,0,0,0,0,30,1
55722,1,1,1,1,1,2,1,2,3,4,1,3,1,3,4,2,2,3,4,4,1,2,3,4,4,1,2,2,4,4,1,1,1,4,4,2.04,.33,3.5,1.9,1.6,1.8,3.4,1.4,1.8,7,6,3,5,5,6,7,5,7,6,5,7,6,5,5,7,5,5,6,7,3,5,6,7,5,3,5,6,5,3,6,5,4,3,4,6,2,6,definitely voice,45,48,31,36,39,95,3,4,6,5,6,5,1,2,1,2,3,2,4,1,5,6,3,4,4,5,5,3,6,1,3,3,29,11,19,13,21,72,1,2,2,0,0,2,2,1,2,1,2,2,1,2,2,1,0,2,2,0,2,1,1,1,2,1,2,2,1,1,1,0,2,2,0,1,1,1,1,1,1,0,2,1,6.5,6,5,6,4,27.5,1,29.88,3,0,2,19,0,0,0,0,1,3,4,11,5,0,0,0,14,3
55908,4,1,1,1,0,3,4,4,4,3,1,4,3,1,3,1,3,2,4,4,1,2,4,3,2,4,4,3,4,3,3,3,2,4,2,.25,-.5,5.5,2.4,3.1,4.9,5.1,3.4,1.6,6,7,1,7,6,5,2,6,7,3,4,7,2,1,7,7,2,5,5,5,1,4,1,7,2,7,1,5,5,4,7,3,2,1,4,4,1,5,voice,39,41,16,25,38,63,4,7,5,3,5,5,2,1,1,1,4,1,5,1,6,4,5,1,1,1,4,1,1,1,1,1,29,10,21,3,9,63,1,0,2,2,0,2,0,0,0,2,0,2,0,0,1,2,0,0,1,1,2,0,2,0,0,0,2,0,0,0,0,1,0,0,0,0,2,0,0,2,0,2,1,0,4.5,2.5,3,1.5,3.5,15,0,14.75,0,0,1,19,0,0,0,0,0,0,0,0,0,0,0,0,50,0
56633,2,1,0,1,0,3,3,3,2,3,3,2,1,1,2,1,2,3,3,4,1,3,2,3,2,3,3,2,2,1,2,3,3,2,1,-.17,0,4.8,1.6,3.2,4.1,1.5,3.1,1.6,5,3,1,4,5,3,5,2,4,1,3,5,3,7,1,6,3,5,2,2,4,5,3,3,1,1,7,3,3,5,5,1,1,1,1,1,1,2,voice,22,33,19,22,22,54,3,1,3,3,3,3,4,3,3,4,5,3,4,3,5,5,5,1,2,1,6,3,2,5,3,3,16,22,22,4,22,64,0,0,1,0,0,1,1,0,0,1,0,0,0,1,0,1,1,1,1,0,0,0,1,0,1,0,1,0,1,1,0,1,0,0,0,0,1,0,1,0,0,0,0,0,2,2,1.5,2,1,8.5,0,8.33,0,0,2,19,0,0,0,0,0,0,0,0,0,0,0,0,3,0
57708,1,1,1,1,1,2,2,3,4,4,2,1,3,4,4,2,2,2,4,4,2,4,2,4,4,3,4,4,4,4,2,1,2,4,4,1.54,0,6.8,1.6,5.2,6.7,5.6,2.2,2.2,5,3,1,5,7,7,3,7,5,7,5,6,5,5,6,7,1,7,3,5,1,7,5,6,1,7,1,3,6,1,6,1,1,1,1,1,2,5,"my voice, piano",35,56,12,24,29,65,7,7,7,7,7,7,4,6,3,3,7,1,1,1,7,2,2,1,1,1,7,4,6,1,1,1,42,24,13,3,20,82,0,2,2,0,1,1,2,0,2,0,2,2,2,2,2,0,0,0,1,0,2,1,1,0,2,0,2,2,1,0,2,2,2,1,0,0,2,1,2,2,1,2,1,2,5,5,3.5,6,6.5,26,0,27.54,1,0,1,22,0,0,0,0,0,0,0,0,0,0,0,0,32,0
57895,1,1,1,1,1,1,2,2,4,4,3,1,1,4,3,2,1,3,4,4,3,1,3,4,4,1,2,1,4,4,2,3,3,4,4,1.96,-.17,4.9,2,2.9,3.3,3.6,1.9,1.7,2,5,1,3,1,5,2,6,7,2,3,5,5,2,4,6,3,6,5,7,3,5,3,5,2,3,1,6,3,1,7,4,3,1,1,1,1,3,Voice,31,36,13,16,37,51,5,4,6,3,6,5,3,2,1,3,2,1,4,1,5,5,4,1,2,1,6,1,1,1,1,2,29,12,19,4,12,64,0,0,2,0,0,0,1,0,2,0,2,2,1,0,2,1,1,2,2,1,2,2,2,0,2,0,2,1,2,1,2,1,0,0,0,0,2,1,2,0,0,1,0,2,2.5,5.5,5.5,4.5,4,22,0,23.79,0,0,2,19,0,0,0,0,0,0,0,0,0,0,0,0,3,0
59773,1,1,1,1,1,2,3,2,4,4,2,2,2,3,4,1,4,1,3,2,1,3,1,4,3,3,2,1,4,2,1,1,4,4,4,1.5,-.5,5.7,1.5,4.2,4.7,4.6,4.3,2.6,5,7,4,4,6,6,5,5,7,6,5,6,5,5,7,7,6,6,6,7,5,7,5,6,3,5,3,5,5,3,7,2,3,1,1,1,1,6,voice,44,51,16,32,41,82,4,3,4,3,5,4,5,5,5,6,6,4,6,5,6,6,6,1,2,1,4,3,4,1,3,3,23,31,29,4,18,87,0,2,0,0,0,0,2,0,2,0,1,2,0,2,0,1,0,0,2,2,2,2,2,0,2,0,2,2,0,2,2,0,0,0,0,0,2,2,2,1,0,2,2,2,3,3,6,4,6.5,22.5,0,23.5,0,0,1,20,0,0,0,0,0,0,0,0,0,0,0,0,20,0
61514,1,1,1,1,1,1,1,1,4,4,1,1,1,3,4,1,1,2,3,4,2,2,1,4,4,1,1,3,4,4,1,1,1,4,4,2.42,.33,6,2.7,3.3,5.1,2.2,3.7,1,6,7,4,3,4,5,6,5,7,1,7,4,6,3,4,7,4,5,2,5,4,3,2,7,5,4,2,5,3,3,7,2,5,1,1,3,2,7,violin,43,40,18,25,35,65,5,5,5,5,5,4,5,5,5,5,5,6,5,6,5,5,5,1,1,1,5,6,6,3,2,4,29,31,26,3,26,89,1,1,1,0,0,1,1,1,2,0,1,2,2,2,2,1,1,2,2,1,1,0,2,0,1,0,2,2,2,2,1,2,1,0,0,0,1,1,1,0,2,1,1,1,4,6.5,3.5,6,4,24,0,26.75,0,0,2,19,0,0,0,0,0,0,0,0,0,0,0,0,20,0
61771,1,1,1,1,1,3,1,1,4,4,1,1,1,4,4,2,2,1,4,4,3,3,1,3,4,1,1,2,2,4,1,2,1,4,4,2.25,.5,5.6,1.9,3.7,4.4,3.4,4.6,2.1,5,5,1,5,7,7,6,4,7,7,6,6,6,6,5,7,5,7,6,4,1,6,6,5,3,6,3,6,5,2,6,6,5,1,4,6,2,2,voice,30,57,32,33,35,87,3,3,4,5,3,2,3,3,1,2,2,2,4,1,5,3,3,1,2,2,5,1,1,1,2,5,20,13,16,5,15,54,0,2,1,1,0,2,2,1,2,2,1,2,1,1,2,1,1,1,2,2,2,0,2,0,1,0,2,1,2,0,2,2,2,1,0,2,2,0,2,1,2,2,2,2,6.5,5,4.5,7,6.5,29.5,0,32.25,0,0,1,33,0,0,0,0,0,0,0,0,0,0,0,0,4,0
64980,1,1,1,1,1,1,1,1,4,4,1,1,1,4,4,1,1,1,4,4,1,2,1,4,4,3,1,1,4,4,2,1,1,4,4,2.83,0,6.8,4,2.8,6.6,4.7,2.4,1.6,5,7,1,6,6,7,6,6,7,5,6,6,6,5,5,7,3,6,5,5,2,6,5,5,5,5,3,5,5,5,7,2,2,1,1,3,2,3,voice,33,53,18,35,38,76,4,5,4,3,4,4,5,4,5,4,7,3,5,3,6,6,4,1,1,1,5,5,1,4,1,1,24,28,24,3,17,79,1,2,2,2,2,2,1,0,2,2,2,2,1,1,2,2,0,1,2,0,0,0,1,1,2,1,2,2,2,0,0,2,2,2,0,2,2,0,2,2,2,2,2,2,8,5.5,3.5,7,7,31,0,33.83,0,1,1,20,0,0,0,0,0,0,0,0,0,0,0,0,12,0
65916,2,1,1,1,0,1,1,1,4,4,1,1,2,4,4,1,2,4,4,4,1,1,1,4,4,1,1,1,3,3,1,1,1,4,4,2.46,0,4,1.7,2.3,4.2,3.6,3.5,1.5,5,5,1,3,7,7,7,3,6,7,6,6,6,7,4,5,5,6,5,5,2,6,6,3,5,5,4,4,4,3,5,4,5,1,1,5,2,3,Voice,26,55,28,34,31,83,6,7,6,6,6,6,6,5,5,5,4,7,5,2,5,5,3,7,4,6,5,2,4,3,4,4,37,32,20,17,22,106,1,2,2,1,0,1,2,0,2,1,0,0,0,0,1,1,1,0,2,2,2,0,2,0,2,0,2,2,1,0,1,0,0,0,0,1,2,2,2,0,2,2,2,2,6,1.5,5,3.5,7,23,1,25.46,1,1,2,31,15,3,0,0,0,0,0,3,15,0,0,0,1,3
66729,1,1,1,1,0,4,4,4,4,4,1,1,2,4,4,1,4,4,4,4,3,3,1,3,4,1,1,1,3,1,1,1,1,4,4,1.46,-.17,4.3,1.2,3.1,4.4,4.4,6.2,4.7,4,1,1,1,7,7,4,4,7,3,5,5,6,4,5,7,4,5,5,4,4,5,5,5,3,5,3,5,4,3,5,1,1,1,3,1,2,5,PIANO,34,50,15,22,29,60,5,5,5,5,5,3,6,4,7,7,7,7,7,7,7,7,7,7,4,7,7,7,7,7,6,7,28,38,35,18,41,119,1,2,2,2,0,2,0,0,0,2,0,2,0,0,2,2,2,0,0,2,0,2,0,2,0,2,2,0,2,0,2,2,0,0,0,2,2,0,2,0,0,2,0,2,5.5,4,4,5,4,22.5,0,23.79,0,2,2,44,0,0,0,0,0,0,0,0,0,3,2,5,10,2
67958,1,1,1,1,1,4,1,1,4,4,1,1,1,4,4,3,1,1,4,4,2,3,1,4,4,1,1,1,4,3,1,1,1,3,4,2.5,0,6.9,4.5,2.4,5.8,4.8,3.8,2.9,5,6,4,6,4,5,5,6,7,6,6,5,4,4,4,5,6,6,4,3,3,5,6,5,5,3,4,5,6,5,6,6,6,2,1,1,2,6,voice,40,44,24,39,31,89,5,4,5,6,5,6,1,4,2,3,5,3,5,3,4,4,4,1,2,1,5,5,4,3,3,3,31,18,20,4,23,73,2,0,1,2,0,2,1,0,2,2,2,2,0,0,2,1,0,0,2,2,2,2,2,0,2,1,2,2,2,0,2,2,1,0,0,2,2,2,2,1,2,2,0,2,6,3.5,6.5,6.5,6.5,29,0,31.5,1,0,2,19,0,0,0,0,0,4,4,0,0,0,0,0,30,1
70785,1,1,1,1,1,1,1,1,3,4,1,1,1,2,4,1,1,2,4,4,1,1,2,3,4,1,2,1,1,4,1,1,1,4,4,2.25,1.17,5.3,1.3,4,4.3,2.3,2.7,1,4,4,1,1,5,6,4,3,5,2,3,4,5,4,5,5,3,5,1,4,1,4,1,3,1,5,1,4,7,4,7,3,6,3,1,4,2,4,flute,28,38,21,22,26,53,5,4,5,3,5,4,1,1,1,1,4,4,1,1,4,1,1,1,1,1,1,1,1,1,1,4,26,12,8,3,9,49,1,1,1,0,0,1,2,1,2,1,2,2,2,1,2,0,1,2,0,0,1,0,0,1,2,0,2,0,1,2,0,1,0,0,1,2,1,2,1,0,2,0,2,1,5,6,2,4.5,4.5,22,0,25.42,0,0,2,18,0,0,0,0,0,0,0,0,0,0,0,0,5,0
71091,4,1,1,1,0,1,1,1,4,4,1,1,1,2,3,1,1,2,4,4,2,3,3,3,4,2,2,1,3,4,1,1,1,3,4,2.08,.67,6.6,1,5.6,6.7,1,5.1,1,4,5,1,5,5,5,7,5,5,4,3,5,4,4,5,7,4,5,4,5,4,4,4,6,5,5,3,5,6,4,5,1,1,2,3,1,1,4,voice,36,40,14,35,31,70,6,7,6,7,6,6,7,4,7,7,7,4,7,5,7,7,7,1,4,1,6,7,4,3,6,4,38,36,33,6,30,113,1,0,2,1,0,1,0,0,2,1,2,0,0,0,2,1,0,1,1,2,0,1,2,2,0,0,2,0,1,1,1,0,1,0,1,2,2,1,2,0,0,2,0,2,4,3,4,4.5,4.5,20,1,22.75,0,0,2,22,0,0,0,0,0,0,0,12,7,0,0,0,5,2
72698,1,1,1,1,1,1,1,1,4,4,1,1,1,4,4,1,1,4,4,4,4,1,4,4,4,1,1,4,1,4,1,4,4,4,4,1.38,.5,2.8,1,1.8,3.4,2.8,3.4,1.6,1,1,1,1,1,1,1,1,5,1,1,1,1,7,1,5,1,1,1,1,1,1,1,1,4,1,1,5,1,1,5,1,1,1,1,1,1,4,N/A,16,9,13,10,18,27,3,3,3,3,3,3,5,3,4,6,4,6,1,7,1,1,5,1,1,1,3,1,1,4,1,1,18,28,15,3,11,64,0,2,0,0,0,0,0,2,2,2,2,2,2,2,2,0,2,0,2,0,2,0,2,0,2,0,2,0,2,2,2,2,0,2,0,2,2,0,2,0,2,2,2,2,4,6,4,7,6,27,0,28.88,0,0,1,34,0,0,0,0,0,0,0,0,0,0,0,0,10,0
73863,2,1,1,1,0,2,2,2,3,4,1,1,1,3,1,1,2,3,4,4,3,1,3,2,4,2,2,4,2,3,2,2,2,4,3,.88,.17,4.8,1.6,3.2,4.2,2.5,2.2,1.1,5,7,1,1,5,5,1,5,7,1,5,4,5,1,7,7,4,5,4,5,5,5,2,7,1,5,1,7,5,3,7,1,1,4,1,1,2,4,piano,45,41,8,16,37,49,4,4,5,3,5,5,7,4,4,6,7,5,5,3,7,5,5,1,2,1,6,7,4,3,1,1,26,33,25,4,22,88,1,1,2,1,0,2,1,0,2,0,0,1,1,2,2,0,0,0,1,0,2,0,1,0,1,2,2,2,1,1,2,2,2,0,0,2,2,1,1,2,1,0,0,1,5,3,3.5,7,4,22.5,0,23.54,0,1,2,18,0,0,0,0,0,0,0,0,0,0,0,0,24,0
74462,1,1,1,1,1,3,2,1,4,4,1,2,1,3,4,3,1,2,3,4,3,1,1,3,4,2,1,1,4,4,2,3,3,4,4,2,.5,6.4,3.3,3.1,5.9,3.5,4.5,2.1,7,6,3,5,5,5,5,4,5,4,4,5,5,5,3,5,5,5,5,5,3,5,5,5,4,5,3,5,6,5,7,5,1,3,1,1,1,2,N/A,35,44,17,34,33,77,7,7,7,7,6,7,5,7,6,7,7,7,7,7,7,6,7,7,6,7,7,7,7,7,7,7,41,39,34,20,42,134,0,0,2,1,0,0,1,0,2,0,1,2,1,1,1,2,1,1,2,0,2,0,2,0,1,1,2,1,2,0,1,0,0,1,0,0,2,1,2,1,0,2,0,0,3,5,4,3.5,4,19.5,1,22,0,3,2,19,0,0,0,0,0,0,0,10,9,4,4,8,6,2
74964,1,1,0,1,1,1,3,4,4,4,3,3,4,4,1,1,3,3,4,4,1,1,1,2,4,1,2,4,4,1,1,1,1,4,2,.79,-1,5.3,2,3.3,4.7,2.6,3,1.2,2,4,1,3,3,3,4,4,4,3,2,3,4,3,4,5,3,4,2,4,3,4,3,4,4,5,2,5,4,3,5,1,1,1,1,1,1,3,N/A,27,31,10,24,24,48,4,3,5,3,5,4,5,5,2,3,5,2,4,3,5,4,4,1,2,1,6,5,4,2,3,3,24,22,20,4,23,70,0,1,2,0,0,0,0,0,1,0,1,1,1,0,1,0,0,0,1,1,0,0,1,0,0,0,1,0,0,0,0,0,1,0,0,1,0,0,1,1,0,1,1,1,2,2,1.5,1.5,2.5,9.5,0,9.29,0,0,2,19,0,0,0,0,0,0,0,0,0,0,0,0,2.5,0
76980,1,1,1,1,0,1,1,1,4,4,1,1,2,3,3,4,2,3,4,4,1,3,2,4,4,1,2,2,4,3,1,4,1,4,4,1.92,-.17,5.8,3.5,2.3,5,3.3,4,2,3,3,1,1,4,5,3,3,5,2,4,4,6,3,3,7,3,4,3,5,2,5,5,5,3,4,1,3,5,3,6,1,2,1,1,2,1,3,None,24,41,11,20,29,49,3,1,3,2,3,2,5,4,1,3,5,4,5,2,5,5,5,1,1,1,2,2,1,2,1,2,14,22,22,3,10,61,2,2,2,2,0,1,1,1,2,2,1,2,0,2,1,1,2,0,2,0,0,0,2,0,2,0,2,0,1,1,2,2,0,0,0,2,2,0,1,0,0,2,0,2,7.5,4.5,3,5,3.5,23.5,0,25.25,0,0,2,23,0,0,0,0,0,0,0,0,0,0,0,0,15,0
78161,1,1,1,1,1,1,1,3,2,4,1,1,1,2,4,1,1,1,2,4,1,1,1,2,4,1,1,1,2,4,1,1,1,2,4,1.83,2,5.7,2,3.7,4.7,4.5,2,1.8,7,7,4,5,7,7,6,6,7,3,7,7,6,5,7,6,5,7,4,6,6,7,5,5,3,7,7,7,4,4,7,6,5,1,1,1,4,4,Bass Guitar,47,60,29,30,37,92,4,6,6,5,6,3,3,3,1,3,2,2,3,1,5,5,3,1,1,1,7,3,1,1,1,2,30,14,17,3,15,64,2,2,2,0,1,2,2,1,2,0,2,2,2,2,2,2,0,2,2,2,2,0,0,0,2,2,2,2,2,2,2,0,2,2,0,2,2,1,2,0,2,2,2,2,7,7,5,8,6.5,33.5,0,37.33,4,0,1,23,15,8,0,0,0,0,0,0,0,0,0,0,20,1
78214,1,1,1,1,1,2,2,3,3,4,2,1,2,3,4,1,2,4,4,4,2,1,1,4,4,1,2,1,3,4,1,1,1,3,4,1.96,.67,5.6,2.5,3.1,5,2.5,3.9,1.7,7,6,4,1,5,5,7,7,7,4,3,6,6,3,7,7,4,5,7,7,3,5,4,7,1,4,1,7,3,2,7,5,3,2,2,3,2,7,"Guitar, very slightly.",51,43,19,22,41,76,1,1,1,1,5,1,3,1,1,1,3,1,2,1,6,6,4,1,1,1,4,4,2,1,1,2,10,10,19,3,14,42,0,2,2,0,0,2,0,0,1,1,0,2,1,0,2,0,0,1,1,1,2,0,1,0,2,0,2,0,2,0,2,0,0,0,0,0,2,1,2,0,1,0,1,2,4,3,3.5,3,4.5,18,0,20.63,1,0,2,22,15,1,0,0,.5,.5,1,0,0,0,0,0,30,1
79844,1,1,1,1,1,2,1,1,2,4,2,1,1,4,4,2,1,4,3,4,1,2,1,4,4,3,1,2,4,4,1,1,1,4,4,2.13,.5,5.5,1.7,3.8,6,4.4,4.1,2.4,6,4,3,3,5,7,5,6,7,5,7,5,6,7,5,6,3,6,7,7,4,6,4,4,1,4,7,6,5,4,7,6,3,1,5,6,3,4,viola,39,50,37,26,38,82,6,6,6,6,5,6,4,4,5,4,5,4,5,4,7,7,6,3,4,4,7,4,4,4,4,7,35,26,29,11,30,101,2,2,2,1,2,2,2,0,1,1,2,2,2,2,2,1,1,2,2,2,2,2,2,0,2,1,2,1,2,2,2,1,2,2,0,2,2,2,1,2,2,1,2,2,7.5,7,6.5,8,7,36,1,38.63,1,0,2,19,12,6,0,0,0,0,0,14,2,0,0,0,4,3
80607,1,1,1,1,1,1,3,2,4,4,2,2,1,4,4,1,3,1,4,4,2,2,1,4,4,3,2,1,4,4,1,1,1,4,3,2.42,-.17,6.3,3,3.3,5.8,3.4,4.2,1.2,6,4,1,4,5,6,4,5,6,4,6,6,5,1,4,6,4,6,4,3,1,5,4,5,3,5,1,4,5,3,6,1,1,2,1,1,1,4,none,32,48,7,27,29,59,4,5,5,5,5,5,3,4,3,4,4,3,5,4,6,5,5,5,2,1,6,5,2,3,3,4,29,21,25,8,23,83,0,0,2,0,0,2,1,1,2,1,1,2,0,2,2,1,2,1,0,1,1,0,0,0,2,0,2,1,1,1,2,1,2,0,0,2,2,0,2,0,1,2,2,2,4.5,5.5,2,6,5.5,23.5,0,25.75,0,1,2,34,0,0,0,0,0,0,0,0,0,0,0,0,20,0
80835,1,1,1,1,1,1,1,1,3,4,1,1,1,4,4,1,1,1,3,4,1,1,1,2,4,1,1,1,3,4,1,1,1,2,4,2.42,1.17,6.1,1.8,4.3,4.5,2.9,4.2,1.7,7,7,3,6,6,6,7,6,7,6,6,7,7,7,7,7,6,7,6,6,7,7,7,7,5,7,7,7,6,5,7,7,4,4,6,7,2,7,cello,55,60,40,41,40,107,5,6,5,5,6,5,6,5,5,5,6,5,6,3,6,6,6,5,4,6,5,4,6,2,3,3,32,32,27,15,23,106,2,2,2,0,2,2,2,2,2,0,2,2,0,2,2,2,1,2,1,2,1,0,2,0,2,0,2,2,1,1,2,1,2,0,0,1,2,0,2,2,2,1,2,1,8,6.5,4,6,6,30.5,0,34.08,2,0,2,35,0,0,0,0,0,0,0,0,0,0,0,0,0,0
85382,1,1,1,1,1,4,1,4,4,4,3,4,3,4,4,1,1,1,4,4,3,3,1,4,4,3,3,1,4,4,3,4,1,4,4,1.79,0,5.8,2.6,3.2,5.5,3.8,3.6,1.3,6,3,3,5,6,5,5,7,5,2,6,5,5,5,4,5,3,6,3,6,3,5,4,7,4,3,4,7,5,3,5,6,5,1,6,6,2,7,Viola,45,45,34,27,27,78,5,5,5,5,6,5,4,5,1,5,7,5,4,3,7,5,6,1,1,1,5,4,4,1,1,2,31,27,25,3,17,86,2,2,2,2,2,2,2,0,2,1,0,2,2,2,0,0,2,0,2,1,1,0,2,0,2,0,2,0,2,2,0,2,2,2,0,2,2,0,2,0,0,2,2,2,8.5,4,4,7,5,28.5,0,30.29,1,0,2,19,11,7,0,0,9,0,9,0,0,0,0,0,8,1
86281,1,1,1,1,1,1,2,1,4,4,1,1,1,4,4,1,2,3,4,4,1,3,3,3,4,1,2,1,3,3,1,2,1,4,3,2.13,0,6.8,2.6,4.2,6.3,4.5,3.8,1.7,6,5,4,1,3,3,4,5,5,3,5,3,5,5,3,3,5,5,3,5,2,5,3,3,3,3,3,5,4,3,6,2,4,2,2,1,2,3,none,33,35,19,23,27,61,5,4,4,3,5,3,4,5,4,4,6,3,5,2,6,6,5,1,2,1,6,2,4,4,3,2,24,26,24,4,21,78,0,0,2,0,0,0,1,0,1,0,1,0,1,1,1,0,0,0,1,0,2,0,0,1,1,0,1,1,0,2,1,1,2,1,0,1,2,0,2,1,0,2,2,2,2,2,2.5,5,5.5,17,0,19.13,0,0,2,20,0,0,0,0,0,0,0,0,0,0,0,0,5,0
87322,1,1,1,1,1,1,2,2,4,4,1,1,1,3,4,1,1,3,4,4,1,1,1,4,4,2,1,2,3,4,2,2,1,3,4,2.21,.5,4.6,2.1,2.5,4.1,3,3.5,1.8,5,4,3,4,5,6,5,4,6,4,5,4,6,1,5,6,3,7,3,4,3,6,2,5,5,4,1,5,6,4,7,1,1,1,1,1,1,4,piano,35,45,7,31,30,59,4,5,4,5,4,4,7,7,6,7,7,7,6,4,7,5,6,1,2,1,6,7,6,2,4,5,26,41,28,4,30,99,1,1,1,0,0,1,1,0,2,0,2,2,1,1,2,1,0,0,1,0,0,0,1,0,2,0,2,1,1,0,1,1,1,0,1,1,2,0,1,2,2,1,2,1,3.5,4.5,2,4.5,5.5,20,0,22.71,0,1,2,18,0,0,0,0,0,0,0,0,0,0,0,0,7,0
87569,2,1,1,1,1,2,3,2,2,4,2,2,1,3,3,3,1,3,4,4,1,2,2,1,2,1,2,1,2,3,2,2,1,1,2,.83,.83,5.3,2.3,3,5.1,3,4.2,1,4,3,3,3,4,5,4,4,6,3,5,5,4,4,5,6,4,5,4,3,3,5,3,7,4,4,3,3,4,4,7,1,2,2,1,4,3,4,violin,35,40,18,26,29,66,4,3,5,4,3,4,5,4,4,4,5,6,5,4,5,5,5,1,2,1,6,4,4,4,4,3,23,28,24,4,25,79,1,0,2,0,1,1,1,1,2,0,0,1,0,1,1,1,1,0,0,1,0,0,1,1,0,0,1,0,1,0,1,1,1,0,1,1,1,1,1,1,1,1,0,0,4.5,2.5,1.5,3.5,3,15,0,16.67,1,0,2,18,16,2,0,0,0,0,0,0,0,0,0,0,4,1
87690,1,1,1,1,1,1,1,1,4,4,1,1,1,4,4,1,3,1,4,4,1,1,1,4,4,1,1,1,3,4,1,1,1,4,4,2.83,.17,5.6,1.6,4,5.3,2.2,3.1,1.1,4,6,3,6,7,5,5,5,5,4,4,5,4,5,5,7,4,5,4,6,3,6,4,5,3,5,3,6,4,4,6,3,3,1,5,4,2,6,voice,38,45,25,30,34,72,4,4,5,5,5,4,5,5,4,3,6,4,5,4,7,5,5,1,1,1,7,5,4,1,3,5,27,27,26,3,25,83,0,2,1,0,2,0,2,0,2,0,2,0,0,2,2,0,1,0,2,1,0,1,2,1,2,1,2,0,1,1,1,1,1,2,0,0,2,0,2,1,0,2,2,1,4.5,3.5,5,4.5,5,22.5,0,25.5,1,0,2,18,10,4,0,0,0,0,0,0,0,0,0,0,20,1
87810,1,1,1,1,1,3,2,1,4,3,3,1,2,3,3,2,3,1,4,4,1,4,2,3,3,1,4,1,3,4,1,2,1,2,1,1.42,-.17,4.5,1.1,3.4,4.2,1.3,2.5,1,1,1,1,4,5,6,4,5,5,5,4,5,5,3,4,5,4,4,3,5,1,5,3,6,1,4,2,6,3,4,6,4,3,1,1,1,1,3,voice,28,41,15,25,25,57,3,3,4,3,4,3,2,3,1,1,3,1,4,3,5,3,5,1,2,1,7,7,7,4,1,3,20,11,20,4,29,55,0,2,2,1,0,1,1,0,2,0,2,2,1,1,2,0,1,0,0,2,1,0,0,0,0,0,2,0,2,1,1,2,1,0,0,0,2,2,1,1,1,2,0,1,4.5,4.5,1.5,4.5,5,20,0,21.25,0,0,2,21,0,0,0,0,0,0,0,0,0,0,0,0,20,0
88480,1,1,1,1,1,1,1,1,3,3,3,1,2,3,4,2,3,3,4,4,1,1,1,2,4,2,1,1,3,2,1,1,1,3,4,1.75,.5,5.5,1.6,3.9,4.9,3.7,3.1,1.4,7,7,2,5,6,5,5,6,6,3,5,5,5,2,5,6,5,5,5,5,3,5,5,7,3,5,2,6,7,6,6,1,1,1,3,3,1,7,voice,44,46,13,34,35,71,6,5,5,5,5,6,5,5,5,5,6,6,5,3,5,5,5,6,4,7,4,3,1,6,5,5,32,32,23,17,24,104,1,0,1,0,0,0,1,0,1,1,1,1,1,1,1,0,0,1,1,0,1,0,1,0,1,0,2,0,0,0,1,1,1,1,0,0,1,1,1,1,1,1,0,1,2.5,3,2,3,3.5,14,1,16.25,0,1,2,19,0,0,0,0,0,0,0,5,7,0,1,1,16,2
88651,2,1,1,1,1,2,1,1,3,3,2,2,1,2,3,1,1,2,4,3,2,3,2,3,4,2,2,2,3,3,1,2,1,3,2,1.38,0,3.9,1.1,2.8,4.9,3.6,2.5,1.6,5,7,1,1,4,7,7,7,7,1,2,7,3,1,7,7,5,7,7,7,5,3,1,7,5,7,1,7,5,1,7,1,1,1,1,1,1,3,voice,43,41,7,25,42,64,1,1,2,2,3,3,5,4,1,3,3,3,3,2,2,2,1,1,2,1,5,5,1,1,3,3,12,19,10,4,18,45,2,1,2,1,2,0,0,0,2,1,2,2,0,2,2,0,0,1,1,0,1,1,0,0,1,1,2,0,1,1,0,1,0,0,0,0,1,0,1,2,2,2,2,2,5.5,4.5,2.5,2.5,6,21,0,22.38,0,0,1,18,0,0,0,0,0,0,0,0,0,0,0,0,10,0
89665,1,1,1,1,1,1,1,1,4,4,1,1,1,4,4,1,1,3,4,4,2,1,1,4,4,3,1,1,4,4,1,1,1,4,4,2.71,0,4.5,1.1,3.4,3,3.9,2.5,1.2,5,7,4,3,5,5,6,3,7,3,5,5,5,3,5,6,4,5,5,6,5,5,5,5,4,5,3,3,3,3,7,1,1,1,1,1,1,3,voice,34,45,11,26,38,66,5,6,6,6,5,6,5,5,5,7,6,5,7,5,5,7,7,6,4,6,7,7,7,5,7,6,34,33,31,16,39,114,1,1,0,1,0,1,2,0,2,0,2,2,1,2,2,0,0,0,1,1,1,0,1,0,0,0,2,0,1,0,1,0,1,0,0,1,2,2,2,2,2,2,2,1,4,4.5,2,3,7.5,21,1,23.71,0,1,2,24,0,0,0,0,0,0,0,13,6,0,0,0,3,2
89829,1,1,0,1,1,1,1,2,4,4,1,2,2,4,4,1,1,4,3,3,4,1,1,2,3,2,1,1,3,4,1,4,4,4,4,1.5,.33,6.8,3.1,3.7,5.9,5.3,3.5,4.2,3,5,3,2,7,4,2,4,5,7,7,1,4,5,3,5,5,7,7,7,1,7,3,1,4,5,3,4,5,3,5,6,5,1,5,6,3,3,saxophone,23,45,33,28,34,68,3,1,3,1,5,1,6,6,1,4,5,7,5,1,5,5,5,1,1,1,6,2,1,5,1,1,14,29,21,3,16,67,0,2,0,0,0,1,0,1,2,0,2,2,2,0,0,1,0,0,2,2,0,1,0,2,2,0,2,2,0,2,0,0,2,0,0,0,0,2,0,2,2,2,0,0,3,3.5,4.5,4,4,19,0,20.83,1,0,2,19,12,6,0,0,0,0,0,0,0,0,0,0,5,1
90873,1,1,1,1,1,1,1,1,4,4,1,1,1,4,4,2,2,1,4,4,1,2,1,4,4,1,2,2,3,4,3,1,1,4,4,2.58,.17,4.3,1.2,3.1,4.6,3.7,3.6,1.7,5,6,4,4,3,5,5,6,5,4,5,6,5,4,7,6,5,5,4,6,5,5,4,7,3,5,3,7,4,4,7,4,4,2,1,5,2,5,Guitar,48,43,23,29,34,79,4,5,5,5,5,4,5,4,4,4,5,5,5,3,5,4,4,2,4,1,5,5,4,4,3,3,28,27,21,7,24,83,1,1,2,0,0,1,2,1,2,0,0,2,0,2,1,2,1,0,1,0,2,0,2,0,2,0,2,1,2,1,1,2,0,0,0,2,2,1,2,1,1,2,1,1,5,4,3.5,5.5,5.5,23.5,0,26.25,1,0,2,19,13,3,0,0,0,1,1,0,0,0,0,0,2,1
92120,1,1,1,1,1,1,1,1,4,4,1,1,1,4,4,2,1,2,4,4,1,1,1,4,4,1,1,1,3,4,1,1,1,4,4,2.79,.17,4.8,2.2,2.6,3.9,4.8,5,1.2,3,6,1,4,5,5,5,4,6,6,5,5,5,5,6,7,3,4,1,3,2,5,4,5,1,3,1,1,3,1,6,4,3,1,1,5,3,2,violin,25,41,22,23,29,63,3,3,3,3,3,3,1,3,1,2,5,1,5,2,6,1,2,1,1,1,5,3,4,2,1,1,18,13,16,3,16,50,0,2,1,1,1,1,2,0,2,1,2,2,1,1,2,1,1,0,2,0,2,0,1,1,1,1,2,0,1,1,1,0,1,1,0,0,2,2,1,1,1,1,1,0,5.5,5,4,3.5,4.5,22.5,0,25.46,1,0,2,19,13,3,0,0,2,2,4,0,0,0,0,0,3,1
92312,1,1,1,1,1,1,1,1,4,4,2,3,2,4,4,1,1,1,4,4,1,2,3,4,4,3,2,3,4,4,2,2,1,4,4,2.17,0,5.3,1.5,3.8,5.6,5.4,4.8,1.6,4,5,1,2,6,6,1,5,6,1,5,5,6,1,5,6,1,6,3,5,5,6,5,5,2,5,1,6,1,3,7,5,2,1,2,5,3,2,Trumpet,34,50,19,11,32,48,3,2,3,5,5,2,5,1,5,5,5,5,5,1,5,3,3,1,1,1,5,3,2,5,1,4,20,26,17,3,20,66,0,2,1,1,1,0,1,0,2,1,2,2,0,2,2,0,1,1,2,2,2,0,1,1,1,0,2,2,2,2,1,0,2,2,0,1,0,2,1,2,1,1,0,2,4.5,5,4.5,7,4.5,25.5,0,27.67,0,0,1,34,0,0,0,0,0,0,0,0,0,0,0,0,10,0
92429,1,1,0,1,1,3,2,2,3,3,2,2,2,3,3,3,2,4,4,4,2,2,1,3,3,2,2,2,3,3,1,3,1,3,4,1.17,.17,5.2,3.7,1.5,5,4.1,3.2,2.1,3,5,1,3,5,5,5,4,7,3,5,4,4,7,1,5,4,4,4,5,5,4,5,5,4,3,4,6,3,2,6,3,5,1,4,4,1,2,violin,28,39,28,24,32,65,3,3,2,3,5,3,4,4,3,5,5,4,4,3,5,4,5,1,1,1,5,7,6,1,1,1,19,25,21,3,21,68,1,0,1,1,0,1,1,0,1,0,0,1,0,0,1,1,1,1,0,0,1,0,1,0,0,0,1,0,1,0,1,1,0,0,0,0,1,1,1,1,1,1,0,0,3,2.5,1,2,3,11.5,0,12.83,0,0,2,19,0,0,0,0,0,0,0,0,0,0,0,0,8,0
93646,1,1,1,1,1,1,2,1,3,4,2,2,1,4,3,1,1,1,4,4,1,2,1,3,4,2,3,1,4,4,1,1,1,3,4,2.46,.33,5.8,1.1,4.7,6.7,3.2,4.2,1.4,6,6,5,3,5,4,5,6,7,2,5,5,5,5,6,4,4,5,6,7,3,5,3,7,3,5,2,7,2,1,7,3,4,7,1,1,3,7,electric 5 string bass,54,42,19,20,37,74,5,5,5,5,5,5,5,5,5,5,6,5,6,5,6,7,5,1,6,1,5,7,4,5,4,3,30,31,29,8,28,98,1,0,0,0,0,0,1,0,2,0,2,2,0,0,1,1,2,1,2,0,2,0,2,0,2,0,2,1,2,2,0,2,0,0,0,2,2,1,2,2,2,0,1,2,2,4.5,4,5.5,6,22,0,24.79,1,2,1,18,12,2,0,0,0,0,0,0,0,0,0,0,20,1
93855,1,1,1,1,1,2,1,2,2,4,3,1,2,4,4,1,2,2,4,4,3,2,2,4,4,4,2,1,4,4,1,2,1,4,4,2.04,.33,5.5,2.7,2.8,4.7,3.9,3.6,1.5,6,4,4,5,4,5,4,4,6,4,5,5,4,5,5,7,5,6,5,5,4,5,4,6,4,5,4,6,5,4,5,4,4,1,1,1,2,6,drums,42,43,21,31,32,81,5,5,5,5,5,5,6,5,6,5,7,5,6,5,5,6,6,1,4,1,6,5,7,4,4,3,30,34,28,6,29,98,1,0,2,1,0,1,1,0,2,0,2,2,0,0,0,1,0,0,1,0,1,0,1,0,1,0,0,0,1,0,1,2,0,0,0,0,2,0,2,0,0,2,1,1,4,2.5,2,2,4,14.5,0,16.88,1,1,1,20,14,3,0,0,.5,4,4.5,0,0,0,0,0,15,1
94660,1,1,1,1,1,1,1,2,3,4,1,1,1,3,4,3,3,4,4,4,1,1,1,1,1,1,2,1,4,2,1,2,1,4,4,1.63,0,3.4,1.6,1.8,3.6,2.8,2.8,2.1,6,4,2,5,4,4,6,5,7,2,5,6,6,4,6,6,5,5,4,6,1,3,6,6,2,5,2,5,5,3,5,2,3,1,1,1,2,5,guitar,37,44,15,28,32,74,5,5,5,5,5,4,5,5,6,6,6,5,6,5,6,6,5,1,1,1,6,6,7,4,3,5,29,33,28,3,31,93,1,0,2,2,0,2,0,0,2,2,0,1,0,0,2,2,0,0,1,0,1,1,1,1,1,0,2,0,1,0,2,1,1,0,0,2,2,0,2,1,0,2,0,2,5.5,2.5,3,4.5,4.5,20,0,21.63,0,2,2,20,0,0,0,0,0,0,0,3,3,1,2,3,20,2
96617,1,1,0,1,1,2,1,2,4,4,1,2,2,4,3,1,1,2,4,4,1,2,1,1,2,1,2,1,1,2,1,1,1,2,3,1.46,.33,4.1,1.1,3,6.2,6,2.7,1.4,3,5,3,4,4,5,5,5,4,2,4,5,4,3,5,5,3,5,5,5,3,5,2,7,4,4,4,4,5,4,7,2,5,1,1,4,3,4,Guitar,35,38,22,27,31,70,4,4,5,3,5,4,3,7,2,3,4,4,4,2,5,5,3,1,1,1,5,2,2,2,1,3,25,23,19,3,15,70,2,0,1,0,1,2,1,0,0,0,0,2,1,1,1,0,0,1,2,1,2,0,2,0,1,0,2,1,1,0,2,2,1,0,0,1,2,0,1,0,1,1,0,2,3.5,3,4,5,3.5,19,0,20.79,0,0,1,22,0,0,0,0,0,0,0,0,0,0,0,0,3.5,0
96766,1,1,0,1,1,2,3,1,3,3,1,1,2,3,2,1,1,4,4,4,3,2,1,4,3,2,1,2,2,1,3,1,1,3,2,1,-.67,5.4,2.1,3.3,4.8,2.4,4.3,1.5,1,5,1,5,5,5,5,5,7,3,6,6,6,6,5,5,5,3,5,5,3,5,3,3,1,6,3,4,5,5,5,1,1,1,1,1,1,3,NA,26,45,14,29,32,60,6,6,6,6,7,6,7,7,7,7,7,7,7,6,7,7,7,7,6,7,6,7,7,6,7,6,37,42,34,20,39,133,0,0,2,0,1,0,0,1,0,0,0,2,1,0,2,0,0,0,2,0,0,1,2,0,0,1,1,0,0,2,1,2,0,1,0,1,1,0,2,0,0,1,0,0,2,2.5,3,4,2,13.5,1,13.83,0,3,2,20,0,0,0,0,0,0,0,10,10,0,0,0,3,2
96987,1,1,0,1,0,3,3,1,1,2,4,2,3,1,2,2,2,3,2,3,2,3,2,3,3,2,4,3,2,3,3,2,3,4,3,-.13,.5,4.7,3.3,1.4,5.4,3.1,5.2,1.4,5,1,1,5,5,5,1,1,7,1,7,1,7,7,1,1,7,1,1,1,7,1,7,1,7,1,7,1,1,1,1,1,1,1,1,1,1,7,na,25,35,19,23,12,56,1,7,1,7,1,1,4,7,1,7,1,7,7,7,7,7,7,1,1,1,1,7,1,7,1,1,18,27,35,3,18,83,1,2,1,2,1,2,0,0,0,0,0,0,0,0,0,2,0,1,0,1,1,0,0,1,1,0,2,0,0,0,0,0,0,1,2,1,2,0,1,0,0,0,0,2,4.5,1.5,2,3,2.5,13.5,1,13.88,0,3,2,21,0,0,0,0,0,0,0,6,12,2,2,4,40,2
97205,2,1,1,1,1,2,2,1,4,4,1,1,1,4,4,2,3,1,4,4,1,1,1,4,4,1,1,1,3,3,1,1,2,4,4,2.54,0,6.7,2.8,3.9,5.7,4.7,4.1,1.6,4,3,1,2,5,5,3,5,7,5,5,4,5,5,3,6,6,6,3,6,3,5,6,3,1,4,1,6,2,2,6,3,3,1,2,5,2,1,voice,27,45,21,21,31,57,4,6,6,6,6,5,5,4,1,5,6,5,6,5,5,5,4,4,4,6,7,7,7,7,4,7,33,26,25,14,39,98,0,2,2,0,0,1,0,2,2,0,1,2,2,0,2,0,0,2,2,0,2,0,2,1,2,0,2,2,2,2,0,1,1,0,0,0,0,2,1,2,2,1,1,1,4.5,4.5,4.5,5,5,23.5,0,26.04,0,3,2,33,0,0,0,0,0,0,0,0,0,0,0,0,0,0
98327,1,1,1,1,1,2,3,2,4,2,1,2,2,4,4,1,1,2,3,4,3,3,1,2,3,2,2,1,2,2,1,3,1,4,4,1.46,0,5.7,1.9,3.8,4.4,2.3,4,1.4,3,5,2,3,5,6,5,5,6,4,4,5,5,5,5,5,3,5,4,5,5,5,5,6,4,5,3,5,6,3,7,1,1,1,1,1,2,4,Voice,36,45,14,28,32,67,5,6,6,6,6,5,5,4,3,5,4,5,5,2,5,5,4,1,1,1,5,4,1,2,3,1,34,26,21,3,16,84,2,0,1,0,0,1,1,1,0,0,2,1,2,2,1,0,1,2,1,0,1,2,1,0,1,0,1,1,0,1,1,1,1,0,0,0,1,0,1,0,1,1,2,0,3,5.5,3,3,3,17.5,0,18.96,0,0,1,22,0,0,0,0,0,0,0,0,0,0,0,0,10,0
45829,1,1,1,1,1,1,1,2,3,4,1,1,2,3,4,1,1,3,3,4,1,1,3,3,4,1,1,3,3,4,1,1,2,2,4,1.58,1.17,6.5,3.2,3.3,4.9,4.1,2.9,1.1,5,5,3,5,5,6,7,5,7,7,7,6,6,6,4,7,6,7,6,6,4,7,7,6,6,5,5,5,6,5,7,6,2,1,3,7,3,3,violin,36,56,32,42,38,96,7,7,7,7,6,7,6,6,5,6,7,4,7,7,6,6,7,7,6,7,7,6,7,6,7,7,41,34,33,20,40,128,2,2,2,1,2,2,2,1,2,2,2,2,2,2,2,2,2,2,2,2,2,2,2,2,2,2,2,2,2,1,0,1,2,0,2,1,2,1,0,1,2,1,2,2,9,8,8,6.5,5.5,37,1,39.75,1,3,2,24,12,5,4,12,.25,.25,.5,6,15,1,1,2,7,3
17419,1,1,1,1,1,1,2,2,4,4,2,1,1,4,4,2,1,2,4,4,1,2,2,4,4,1,2,1,4,4,1,2,2,4,4,2.46,0,6.1,1.4,4.7,5.1,3.2,3.4,1.6,3,5,3,4,5,6,5,5,7,5,5,6,5,6,3,3,5,6,4,5,3,5,5,3,4,6,5,7,3,2,7,6,3,1,1,6,2,2,Piano,30,49,29,28,31,75,4,4,3,4,4,3,5,3,3,5,5,4,5,2,5,4,5,1,2,1,5,2,4,4,3,1,22,25,21,4,19,72,1,1,2,1,1,2,1,0,2,1,1,2,1,2,2,0,0,0,1,2,2,2,1,0,2,0,2,2,1,1,1,1,0,0,0,1,1,0,1,1,1,0,2,1,6,4,5,4.5,3.5,23,0,25.46,1,0,1,34,0,0,5,9,0,.5,.5,0,0,0,0,0,2.5,1
25654,3,1,1,1,1,1,1,2,4,4,1,1,2,4,4,2,1,2,4,4,1,2,1,4,4,2,1,1,3,4,1,1,3,4,4,2.38,.17,6.9,1.9,5,5.6,3.9,4,1.6,5,3,2,7,7,7,7,5,7,7,7,7,7,2,5,6,7,7,5,5,3,7,7,4,6,7,5,2,7,6,7,7,5,1,6,5,2,2,trumpet,29,63,32,47,33,97,4,5,5,6,6,6,5,4,3,4,5,5,2,1,4,4,2,1,1,1,1,4,1,4,1,1,32,26,13,3,12,74,1,2,2,1,2,1,2,0,2,2,0,2,1,2,2,0,2,1,2,1,1,0,1,1,2,1,2,2,1,0,2,0,0,1,0,0,2,1,2,1,2,2,2,2,7.5,5,4.5,4,7,28,0,30.54,1,0,1,25,14,7,5,6,0,1,1,0,0,0,0,0,5,1
45764,1,1,1,1,1,1,1,1,4,4,1,1,1,3,3,1,1,1,4,4,1,1,1,2,4,1,1,1,3,3,1,1,1,4,4,2.5,.33,5.8,1.2,4.6,6.3,4.4,3.9,1.1,7,7,4,2,4,5,7,7,7,6,3,7,5,7,7,7,5,6,5,7,7,6,5,7,5,5,7,7,4,5,7,7,2,1,1,7,3,5,piano,52,46,34,34,40,97,3,6,5,4,6,5,5,6,6,6,7,7,5,5,5,5,4,1,4,1,7,7,7,6,5,1,29,37,24,6,33,96,1,2,1,0,0,0,2,2,2,2,2,2,2,1,2,0,0,1,2,2,2,1,2,2,2,0,2,1,2,1,0,0,2,2,0,2,2,1,2,2,2,1,1,0,6,5,6.5,6,5.5,29,0,31.83,3,1,1,28,0,0,5,8,.5,.5,1,0,0,0,0,0,16,1
82810,1,1,1,1,1,1,1,1,3,4,1,1,1,4,3,1,1,1,4,4,1,1,1,3,4,1,1,2,3,4,1,1,1,3,4,2.46,.5,4.4,1.1,3.3,4.4,2.7,3.7,1.5,6,5,3,1,6,5,6,5,6,6,6,6,5,7,5,5,6,6,5,5,5,6,6,6,4,5,6,4,3,3,6,7,5,1,7,7,2,3,violin,38,51,41,29,32,90,4,5,5,4,4,3,6,2,3,4,3,4,4,2,3,3,3,1,2,1,4,2,4,2,3,3,25,22,15,4,18,66,0,2,2,0,2,1,2,1,2,0,1,1,1,2,2,0,0,0,1,1,1,1,1,0,0,1,2,2,2,1,1,1,1,1,0,0,1,1,1,1,1,0,1,0,6,3.5,3,5.5,3,21,1,23.96,4,0,1,40,10,30,5,20,0,0,0,35,4,0,0,0,5,3
38656,1,1,1,1,1,1,1,3,4,2,2,1,2,2,3,1,1,3,2,3,1,2,2,2,3,1,2,2,3,4,1,3,1,4,2,1.04,0,2.7,1.5,1.2,2.2,4.5,2.3,1.4,4,5,1,3,2,6,2,5,7,1,6,6,6,7,7,7,4,3,6,6,4,1,1,6,2,4,4,7,5,3,7,5,2,1,1,5,2,6,Piano,41,35,26,20,38,68,2,4,2,3,4,4,2,2,1,4,2,2,3,2,4,4,2,2,2,1,6,6,6,3,2,1,19,13,15,5,24,52,2,0,1,2,1,0,2,0,2,0,0,2,2,1,1,1,1,0,0,1,1,0,0,1,1,0,2,1,0,2,2,1,0,0,0,1,2,0,0,2,2,1,2,1,5,4,2,4.5,5,20.5,0,21.54,1,0,2,20,0,0,6,5,0,0,0,0,0,0,0,0,10,1
41292,2,1,1,1,1,1,2,3,4,2,1,1,2,1,4,1,2,2,4,4,1,1,2,3,4,1,2,2,3,4,1,2,2,4,4,1.67,.5,6.6,1.9,4.7,6.2,2.9,5.1,1.4,7,7,3,6,6,7,6,6,7,6,5,5,5,5,5,6,5,6,6,6,4,7,6,6,5,6,6,6,6,3,7,5,4,1,1,3,5,4,Trumpet,42,53,29,37,39,97,5,5,5,5,5,5,5,5,5,3,5,4,5,3,5,5,3,1,2,1,6,4,4,3,2,3,30,27,21,4,22,82,2,2,2,0,1,0,2,1,2,0,0,2,2,0,0,0,2,1,1,0,2,0,2,1,2,2,2,2,0,1,2,2,1,0,0,1,2,0,2,2,2,2,0,0,6,3.5,5,5.5,5,25,0,27.17,1,0,1,26,13,5,6,5,1,1,2,0,0,0,0,0,5,1
41407,2,1,1,1,1,2,2,3,3,4,2,1,2,4,4,1,1,2,3,4,1,1,1,3,4,1,1,1,4,4,1,1,1,4,4,2.29,.5,6,1.6,4.4,5.5,3.8,4.8,2,7,5,1,4,5,6,7,6,7,5,5,6,6,7,5,6,4,6,5,6,2,6,5,6,2,7,6,6,3,1,7,7,3,1,7,7,4,3,Drums,37,52,41,26,36,87,4,7,5,5,4,5,6,4,5,6,5,6,5,5,7,6,5,7,7,7,5,4,6,6,6,5,30,32,28,21,32,111,0,2,2,0,2,2,2,2,2,2,2,2,2,2,2,2,2,2,2,2,2,2,2,2,2,2,2,2,2,2,2,0,2,2,2,0,2,2,2,2,2,2,2,2,8,8,8,8,8,40,1,42.79,2,2,1,33,8,9,6,10,0,1,1,3,24,.5,.5,1,8,3
72110,1,1,1,1,1,3,1,1,4,4,1,3,1,4,4,1,1,2,4,4,1,2,3,4,4,1,3,1,3,4,2,4,3,4,4,2.13,.17,5.8,2.6,3.2,4.7,4.5,4.2,1.6,6,6,4,4,6,5,6,7,6,5,5,5,5,7,5,7,5,5,5,7,5,6,6,7,2,5,4,6,5,4,7,7,5,2,4,7,1,3,voice,45,48,35,31,38,89,4,5,4,5,5,5,5,5,4,5,7,7,7,6,7,6,7,7,6,7,7,4,7,5,6,7,28,33,33,20,36,114,1,2,1,0,0,2,2,0,2,0,2,2,2,0,1,0,2,1,2,2,2,0,2,2,2,0,2,0,1,2,2,1,2,1,0,1,2,1,2,1,2,1,2,1,5,5,6,6,6,28,1,30.29,1,3,2,30,0,0,6,7,0,2,2,3,27,0,1,1,10,3
91029,1,1,1,1,1,1,1,1,3,4,1,1,1,3,4,1,1,1,4,4,1,1,2,3,4,1,1,3,3,3,1,1,1,4,4,2.25,.5,7,4.9,2.1,5.6,5.3,3.8,2.5,6,4,2,5,6,5,7,6,5,2,7,6,3,7,5,4,2,6,5,5,2,6,3,7,1,3,7,3,5,4,6,7,5,7,7,7,3,6,Alto Saxophone,44,45,43,26,29,85,5,6,6,6,6,5,5,4,5,4,4,3,5,2,5,6,5,1,1,1,5,2,4,1,2,2,34,25,23,3,16,85,2,2,2,0,1,2,2,2,2,1,2,2,2,2,2,1,0,1,2,2,2,0,2,1,2,2,2,2,1,1,2,2,2,1,2,0,2,1,1,1,2,1,2,2,8,6,6.5,7.5,6,34,0,36.75,3,0,1,21,11,10,6,12,1,2,3,0,0,0,0,0,30,1
40653,1,1,1,1,1,1,1,2,1,4,1,1,1,1,4,1,1,1,3,4,1,1,4,2,4,1,1,3,2,4,1,1,2,3,4,1.33,2,3.7,1.9,1.8,3,2.9,4.1,3,7,6,7,4,6,5,7,4,5,7,6,7,4,7,5,4,6,7,7,6,5,7,6,6,4,7,7,4,5,6,5,7,7,6,7,7,6,5,piano,49,55,48,39,33,112,3,4,3,3,4,3,2,1,3,3,1,2,4,2,3,3,2,7,4,7,4,4,2,2,5,3,20,12,14,18,20,64,1,2,0,0,1,2,1,2,2,1,2,2,1,2,1,0,0,2,2,2,2,1,2,1,2,0,2,2,1,2,0,0,2,2,0,1,1,0,2,1,2,1,2,1,6,5,6,6,5,28,1,31.33,3,0,2,19,5,14,7,11,0,0,0,4,15,0,0,0,4.5,3
79942,1,1,1,1,0,1,1,2,3,4,1,2,1,3,4,1,1,1,4,4,1,2,1,4,4,2,1,1,4,4,2,1,3,4,4,2.42,.33,4.4,1.4,3,4,2.6,4.2,2.1,6,7,4,5,5,5,5,4,5,1,3,5,5,6,5,7,1,5,5,6,4,5,3,3,3,5,6,5,6,3,5,4,6,1,3,5,4,3,clarinet,35,41,34,24,35,78,7,7,6,6,6,7,6,7,7,6,7,7,7,7,7,7,7,4,6,7,7,6,7,6,7,7,39,40,35,17,40,131,0,2,2,1,0,0,0,2,2,2,1,2,0,0,2,0,2,1,1,0,2,0,2,0,2,1,2,1,2,0,2,2,0,1,0,2,2,0,2,2,2,2,1,2,5.5,4,4,6,6.5,26,1,28.75,1,4,1,23,13,3,7,3,0,0,0,14,8,0,0,0,9,3
84105,1,1,1,1,1,2,2,1,4,4,1,2,1,4,4,1,1,2,4,4,2,1,1,4,4,1,1,2,4,4,2,2,3,4,4,2.38,0,4.9,1.2,3.7,4.3,2.9,3.8,1.6,6,7,5,2,5,2,1,3,5,3,3,5,5,3,7,7,3,3,3,5,3,3,2,5,3,5,3,5,1,1,7,5,3,5,1,5,3,2,Ukulele,41,33,23,14,34,63,3,5,3,3,3,3,3,3,3,5,5,4,5,3,5,3,5,1,2,1,5,1,2,6,2,3,20,23,21,4,19,68,0,2,2,0,2,0,2,2,2,0,2,2,0,0,2,0,0,1,2,2,2,0,2,0,2,0,2,0,1,2,2,2,2,1,0,0,2,2,2,2,2,2,2,2,6,3.5,5,6,8,28.5,0,30.88,1,1,1,34,0,0,7,4,.5,.5,1,0,0,0,0,0,4,1
25815,1,1,1,1,1,3,4,3,4,4,1,1,1,3,4,1,2,3,4,4,1,2,1,4,4,4,4,1,4,4,3,1,1,4,4,2.08,.17,5.9,1.9,4,4.5,4.7,4.8,2.4,7,7,5,6,6,7,5,7,7,5,6,7,7,5,7,7,7,6,6,7,6,7,5,7,5,7,3,7,4,2,7,3,7,1,3,3,3,6,guitar,53,58,27,34,41,97,6,5,5,6,5,2,5,6,2,4,5,5,7,3,5,6,7,1,2,1,4,2,1,1,1,1,29,27,28,4,10,88,0,2,2,2,2,2,2,2,2,2,2,2,2,2,2,0,2,2,2,0,2,0,2,0,0,0,2,2,2,0,2,0,2,0,0,2,2,0,0,0,2,2,2,2,9,7,3,6,5,30,1,32.25,1,1,1,23,8,1,8,4,0,.5,.5,12,1,0,.25,.25,3,3
85472,1,1,1,1,1,1,1,1,4,4,1,1,1,4,4,1,2,1,4,4,1,1,1,4,4,1,1,3,4,4,1,1,1,4,4,2.71,0,5.9,3.2,2.7,5.4,5.3,3.9,1.5,5,5,4,5,6,7,7,7,7,7,6,7,6,7,5,5,6,7,6,6,5,7,7,6,6,5,7,5,6,5,7,7,7,5,7,7,3,2,Voice,44,58,45,42,36,108,7,7,6,7,7,7,6,4,6,7,5,7,6,3,6,6,6,7,6,7,7,2,7,4,5,7,41,35,27,20,32,123,2,2,2,0,1,2,2,0,2,2,2,2,2,0,2,2,1,0,2,2,2,2,2,1,2,0,2,0,2,0,2,2,0,2,2,2,2,2,2,0,2,2,2,2,7.5,5.5,6.5,7,7,33.5,1,36.21,2,3,2,28,12,4,8,15,1,1,2,3,25,1,1,2,4,3
17207,1,1,1,1,1,1,1,1,4,4,1,1,1,4,3,1,1,2,4,4,1,1,1,3,4,1,1,1,3,4,1,1,1,4,4,2.67,.17,5.8,2.7,3.1,5.5,5.7,4,2.2,5,6,3,4,5,6,5,4,7,5,5,4,5,5,3,5,4,5,3,5,3,5,5,3,2,3,3,3,5,3,7,5,3,4,3,3,2,7,Piano,35,43,24,28,33,69,5,7,5,7,5,5,6,5,4,5,5,5,5,5,6,5,5,7,6,7,5,4,1,5,5,5,34,30,26,20,25,110,1,2,2,0,0,2,2,2,2,2,2,2,2,2,2,0,0,2,2,2,0,0,2,0,2,0,2,0,1,2,0,2,2,2,0,2,2,1,1,0,2,2,1,1,7.5,6,4,6.5,5,29,1,31.83,1,2,2,24,0,0,9,6,0,2,2,5,14,0,1,1,8,3
78336,3,1,1,1,1,3,3,2,2,3,3,3,3,3,4,4,3,2,2,4,2,3,2,3,3,2,2,2,3,4,1,2,2,2,4,.71,1.17,4.5,4.7,-.2,3.7,3.9,4.4,4.9,5,5,4,4,5,6,4,5,5,3,4,3,4,5,5,5,2,5,5,4,4,5,4,4,5,4,5,4,5,5,5,3,6,3,4,3,4,4,guitar,38,40,30,28,29,76,2,5,5,5,5,5,2,4,5,5,5,5,5,3,4,4,4,1,1,3,6,3,4,3,2,2,27,26,20,5,20,78,1,0,0,1,1,0,1,0,0,2,1,2,1,0,2,1,0,1,2,0,1,0,0,0,0,0,0,1,0,1,1,0,1,0,1,1,1,1,1,1,1,0,1,0,3,4,1.5,3,3,14.5,0,16.38,1,0,1,19,13,3,9,4,2,2,4,0,0,0,0,0,10,1
1,1,1,1,1,1,1,1,1,4,4,1,1,1,4,4,1,1,2,4,4,1,2,1,4,4,1,2,1,4,4,1,1,1,4,4,2.88,0,6.5,3.3,3.2,5.6,3.8,2.8,1,7,7,7,7,7,7,5,7,7,7,7,7,7,7,7,7,4,7,7,7,7,7,7,7,7,7,7,7,7,5,7,7,6,6,6,7,6,7,trombone,62,63,46,42,42,119,2,1,4,1,7,4,3,1,3,3,3,1,4,1,5,6,4,3,2,3,5,1,4,2,3,3,19,14,20,8,18,61,0,1,2,2,2,0,2,0,2,2,2,2,0,0,2,2,2,2,2,2,2,0,2,2,2,0,2,2,2,0,2,0,0,0,0,2,2,2,2,2,2,2,0,2,6.5,6,6,5,7,30.5,1,33.38,2,1,2,21,8,11,10,10,0,0,0,6,1,0,0,0,70,3
35737,1,1,1,1,1,1,1,3,3,4,2,1,2,3,4,1,1,3,4,4,1,1,2,4,4,1,1,1,4,4,1,1,3,3,4,2.04,.5,7,1.4,5.6,6.8,6.2,4,1.2,7,7,6,7,5,7,7,7,7,7,6,6,7,6,7,7,6,7,5,6,7,7,6,7,5,6,6,6,7,6,7,7,5,1,5,6,7,7,Drums,55,57,42,45,39,114,7,7,7,6,7,7,7,7,6,7,7,7,7,7,7,7,7,7,7,7,7,4,7,4,7,7,41,41,35,21,36,138,0,2,2,1,1,2,2,0,2,2,2,2,1,2,2,1,2,1,1,2,2,1,2,1,2,0,2,2,2,2,0,2,2,2,0,1,2,2,1,2,2,0,1,1,7,6.5,5.5,7.5,5.5,32,1,34.54,3,4,2,26,12,2,10,6,3,3,6,5,21,2,2,4,30,3
46258,1,1,1,1,1,1,1,2,2,4,1,1,1,3,4,1,1,2,4,4,1,2,1,3,3,1,1,2,2,3,1,2,1,4,4,1.96,.67,4.6,2.1,2.5,5.3,3.9,2.8,2,5,5,4,4,5,5,3,5,6,4,5,5,5,4,4,5,2,6,5,5,6,5,5,5,3,5,3,5,5,4,6,6,2,1,6,6,2,4,violin,39,46,29,25,32,71,3,4,4,3,4,3,4,4,4,4,4,4,4,2,5,5,5,1,1,1,5,2,4,3,2,2,21,24,21,3,18,69,1,2,1,0,0,0,2,1,2,1,0,2,0,1,1,0,0,0,1,1,1,0,1,0,1,0,1,1,1,1,1,0,1,0,0,1,1,1,1,1,1,1,0,1,5,2,2.5,3.5,3.5,16.5,0,19.13,1,0,2,19,10,8,10,8,0,0,0,0,0,0,0,0,30,1
56990,1,1,1,1,1,1,1,1,4,4,2,1,2,4,4,2,1,1,4,4,1,1,1,4,4,2,1,1,4,4,1,1,1,4,4,2.79,0,7,3,4,6.1,6.5,4.4,2.3,7,7,4,5,3,5,7,6,7,3,3,5,5,5,7,7,3,5,6,7,4,5,3,6,6,6,5,5,3,1,7,4,6,7,1,5,2,5,the violin,51,40,28,28,41,87,7,7,6,7,6,7,7,7,7,7,7,7,7,7,7,7,7,2,6,3,7,7,7,1,5,5,40,42,35,11,32,128,1,1,1,2,0,1,0,0,2,2,2,2,0,1,2,2,2,0,2,2,2,2,2,0,2,0,2,0,2,1,0,2,0,2,0,2,2,2,1,2,2,2,2,2,5,5.5,6,5.5,7.5,29.5,1,32.29,1,2,2,31,11,3,10,3,0,0,0,7,1,0,2,2,40,3
71708,1,1,1,1,1,1,1,2,3,4,1,1,3,4,4,2,1,1,4,4,2,2,2,4,4,1,2,3,4,4,1,2,2,3,4,2,.33,4.9,2.4,2.5,5.3,5.9,3.5,2.8,6,7,5,5,4,3,5,7,6,4,4,6,6,4,7,7,5,6,6,6,5,5,3,5,3,5,6,4,4,3,4,7,5,1,3,5,4,7,the viola,47,42,34,29,36,90,4,4,5,5,5,5,4,1,1,3,5,1,2,3,5,5,1,1,2,2,5,4,4,4,4,5,28,15,16,5,26,64,2,2,1,0,1,1,2,0,2,0,2,2,0,2,2,0,1,1,2,0,2,1,1,1,2,0,2,2,1,2,2,1,1,0,1,1,1,1,1,2,2,1,1,1,5.5,5,4.5,6.5,5,26.5,1,28.83,1,0,1,26,11,10,10,2,0,0,0,24,.5,0,0,0,14,3
14876,1,1,1,1,1,1,1,1,4,4,1,1,1,4,4,2,1,1,4,4,1,1,1,4,4,1,1,1,3,3,4,1,1,4,3,2.58,-.17,5,2.5,2.5,5.2,3.3,3.4,1,6,4,3,5,6,6,6,6,5,6,4,6,5,7,4,6,6,6,6,7,3,6,6,5,6,3,5,5,7,6,6,6,4,1,7,6,1,4,Voice,37,48,36,42,34,95,7,7,6,7,5,7,6,7,6,7,6,7,6,5,6,6,5,4,4,5,6,4,4,4,6,5,39,39,28,13,29,119,0,2,2,0,0,0,2,0,2,1,1,2,1,2,2,2,2,0,1,2,2,0,1,0,2,0,2,2,2,0,2,0,0,0,0,1,2,0,0,2,2,2,2,0,4.5,6,4,4.5,5,24,1,26.42,1,1,2,18,0,0,11,1,.5,0,.5,14,.5,.5,0,.5,4,3
38924,1,1,1,1,0,1,1,1,2,4,1,1,1,4,3,3,2,1,4,4,1,1,1,3,4,1,2,1,3,3,1,2,1,3,4,2.25,.5,5.1,2.6,2.5,4.6,4.2,3.5,1.6,5,5,2,4,5,5,5,4,5,6,5,4,5,5,5,3,4,5,4,5,2,5,6,4,7,4,5,2,5,2,3,5,5,1,6,5,3,3,Voice,28,44,34,33,25,84,5,4,5,5,4,3,3,6,2,4,4,3,5,3,5,4,3,1,2,1,5,2,1,2,2,3,26,22,20,4,15,72,2,0,2,1,0,2,1,1,2,1,2,2,2,2,2,2,0,2,2,2,2,2,2,0,2,0,2,2,2,0,1,2,2,1,2,2,1,0,1,0,2,0,0,1,6,7,6,8,2.5,29.5,0,32.25,1,0,2,18,11,4,11,6,2,2,4,0,0,0,0,0,15,1
71955,1,1,1,1,1,1,2,1,4,4,1,1,1,4,4,1,1,3,4,4,1,1,3,4,4,1,1,1,3,3,2,2,3,4,4,2.21,0,5.9,2.2,3.7,5.4,3.7,4.8,1.8,5,7,1,3,7,5,5,7,7,3,7,5,6,5,3,7,5,7,5,4,3,7,3,6,1,7,4,5,3,1,7,1,2,1,4,7,4,4,Guitar,35,54,27,21,37,64,2,2,2,1,5,1,4,3,1,1,5,1,4,2,7,5,5,1,1,1,5,5,1,3,1,4,13,15,23,3,19,54,2,1,2,1,2,2,2,1,2,0,2,2,2,1,2,0,0,2,1,2,2,1,2,0,2,1,2,2,2,0,1,0,1,1,0,0,2,0,2,0,1,1,2,2,7.5,5.5,5.5,4.5,5,28,0,30.21,1,0,1,34,10,8,11,10,0,0,0,0,0,0,0,0,4,1
23663,1,1,1,1,1,1,1,1,4,4,1,2,2,4,4,2,2,2,4,4,1,2,1,4,4,2,3,2,4,4,2,2,1,4,4,2.42,0,6,3,3,6.6,5.6,5.2,1.4,7,7,2,4,6,6,7,7,7,7,6,7,6,5,7,7,6,7,7,7,6,7,7,7,4,6,7,7,7,5,7,5,6,2,5,5,4,4,"Voice, piano",49,58,37,40,42,106,6,7,6,7,6,6,7,7,7,7,7,7,7,7,7,7,7,7,6,7,7,4,7,4,7,5,38,42,35,20,34,135,2,0,1,2,0,1,2,0,2,2,2,2,2,0,2,1,0,2,2,2,2,2,2,1,2,0,2,1,2,0,0,0,1,1,0,1,1,0,0,0,1,2,1,2,6,5.5,6.5,4,3.5,25.5,1,27.92,2,1,2,20,13,2,12,3,2,1,3,3,10,1,1,2,15,3
33546,1,1,1,1,0,2,1,1,3,4,1,1,1,3,4,1,1,1,3,4,1,1,4,2,4,2,1,1,1,4,1,1,1,2,3,1.75,1.5,6.5,2.6,3.9,5.6,3.9,4.4,2.8,6,6,1,5,5,3,6,3,7,6,6,6,7,7,3,5,5,6,5,5,3,5,5,2,2,6,4,2,5,5,6,7,4,1,1,7,2,1,FLUTE,22,49,32,34,34,81,4,5,3,5,6,5,7,7,5,6,7,7,7,7,7,7,5,6,6,7,5,2,4,6,5,2,28,39,33,19,24,119,2,2,2,1,0,2,1,1,2,1,2,2,2,2,2,0,1,2,2,2,2,0,2,2,2,1,2,0,0,0,2,1,0,2,0,2,2,1,0,1,2,1,2,0,7,6.5,6.5,4.5,4.5,29,1,32.25,1,3,2,34,10,12,12,10,0,0,0,19,12,2,2,4,0,3
55605,1,1,1,1,1,2,2,1,4,4,2,1,1,4,4,1,2,2,4,4,3,2,2,4,4,3,1,1,4,3,2,2,1,4,3,2.21,-.33,4.3,2.6,1.7,4,4,6,3.6,5,6,1,3,5,3,6,3,5,6,5,3,6,5,5,7,6,5,3,3,3,5,6,3,2,3,5,3,6,3,5,5,3,1,4,5,4,7,"Voice, Kalimba",31,41,31,32,29,77,3,6,6,6,5,6,5,3,3,3,3,1,5,3,5,5,5,5,4,6,5,3,4,5,5,5,32,18,23,15,27,88,0,2,2,0,1,1,2,0,2,0,2,0,2,2,2,0,1,0,2,0,2,1,1,0,0,0,2,2,1,1,2,0,0,2,0,1,2,1,2,2,1,2,0,0,5,4.5,3,5.5,5,23,1,24.88,1,2,2,19,12,4,12,8,1,10,11,12,8,2,4,6,50,3
19452,1,1,1,1,0,1,1,1,4,4,1,1,1,1,4,1,1,1,4,4,1,1,1,3,4,1,1,1,1,4,1,1,1,4,4,2.42,1.17,6.5,2.8,3.7,6.9,4.9,5.5,2.1,5,4,3,4,6,7,5,6,7,3,5,5,6,6,6,7,7,7,5,7,7,6,7,7,5,5,6,7,5,1,7,4,5,1,1,5,6,7,piano,49,54,33,30,37,94,5,7,7,7,7,6,7,1,6,7,7,7,5,3,5,5,2,1,2,1,7,1,7,2,2,2,39,35,20,4,21,98,0,2,2,0,0,0,2,0,2,0,2,2,2,2,2,2,0,0,2,0,2,2,2,0,2,2,2,0,2,2,2,0,2,0,0,2,2,2,2,2,2,0,2,2,4,6,6,6,7,29,0,32.58,1,0,1,26,12,2,13,2,0,0,0,0,0,0,0,0,10,1
70532,1,1,1,1,1,1,1,1,4,4,2,2,1,4,4,1,3,2,4,4,3,2,1,4,4,2,1,2,4,3,2,1,1,4,4,2.33,-.17,5.7,1.6,4.1,6.2,5.4,4.2,1.8,5,6,2,6,6,7,7,5,7,6,5,7,6,6,5,7,5,6,5,6,5,7,5,5,6,3,3,6,5,4,7,6,6,1,6,6,1,4,voice,38,52,34,39,38,91,7,7,6,6,6,7,6,6,5,7,6,7,7,5,7,5,7,7,6,7,5,4,7,4,6,5,39,37,31,20,31,127,0,2,1,0,0,1,2,0,2,0,0,2,2,2,0,0,0,1,1,0,2,0,0,0,2,0,2,1,1,0,0,1,2,0,0,1,2,2,0,0,2,2,2,1,4,3.5,2.5,4,5.5,19.5,1,21.67,1,2,2,31,0,0,13,5,0,0,0,2,19,0,0,0,14,3
93125,1,1,1,1,1,2,1,3,4,4,2,1,3,4,4,1,1,1,4,4,2,2,2,4,4,1,1,1,3,4,1,2,1,2,4,2.13,.5,5.7,2.4,3.3,4.3,2.7,3.4,1.4,6,7,5,5,3,5,6,4,7,4,6,7,6,3,7,7,3,6,7,7,5,4,4,7,4,7,4,7,6,3,7,5,3,5,3,5,4,6,drums,52,48,27,31,42,90,6,4,6,6,7,2,1,1,1,1,1,1,3,1,4,5,2,1,1,1,4,1,4,4,1,2,31,6,15,3,16,55,2,2,2,0,1,1,2,2,2,0,2,2,2,2,2,1,1,2,0,2,2,2,2,0,2,1,2,0,2,2,2,2,2,2,0,1,2,2,2,1,2,1,2,2,7,7,5.5,7.5,7,34,0,36.63,1,0,1,34,0,0,14,8,0,0,0,0,0,0,0,0,50,1
17208,1,1,1,1,1,1,1,1,3,4,1,1,4,4,4,1,2,1,4,4,1,2,1,4,4,1,2,3,3,4,1,1,4,4,3,1.92,.17,6.6,2.3,4.3,5.4,4.1,3.2,1.6,5,5,1,5,6,6,7,6,7,5,5,7,6,7,5,7,5,6,5,7,3,6,5,5,5,5,5,5,5,3,7,2,2,3,2,3,3,2,Voice,35,52,24,35,38,84,5,6,5,6,6,5,7,5,5,6,5,6,5,1,5,5,5,1,2,1,5,1,4,4,3,1,33,34,21,4,18,92,0,2,0,0,0,2,1,1,2,1,2,2,2,2,2,0,0,0,1,1,2,1,1,0,2,0,2,0,1,2,1,0,0,0,0,0,1,0,1,1,1,1,2,1,4.5,5,4,3,4,20.5,0,22.58,2,1,1,33,0,0,15,2,.5,.25,.75,0,0,0,0,0,15,1
44123,1,1,1,1,1,1,1,2,4,4,1,1,1,4,3,2,1,1,4,4,2,1,1,4,4,2,1,1,4,4,1,1,1,3,4,2.63,0,6.8,3.9,2.9,6.6,5.8,5.4,3.1,7,6,4,6,4,6,5,6,7,2,5,6,4,5,6,7,4,5,4,7,7,5,3,7,2,5,6,6,6,3,7,6,7,2,3,6,3,6,violin,51,43,36,28,38,89,4,5,5,4,5,5,3,4,2,4,5,3,4,3,5,5,5,2,2,3,6,5,7,2,4,4,28,21,22,7,28,78,0,2,1,1,0,0,0,0,2,1,0,2,0,1,2,0,2,0,2,1,1,1,1,0,2,0,2,0,1,0,0,1,0,0,0,1,2,0,1,1,1,1,1,1,3.5,3.5,4,2.5,4,17.5,1,20.13,1,1,2,21,10,6,15,1,3,3,6,16,1,3,3,6,16,3
80101,1,1,1,1,1,1,1,1,4,4,1,1,1,4,4,1,1,3,4,4,1,1,1,4,4,2,1,1,4,4,1,1,2,3,4,2.63,.17,4.6,1.3,3.3,4.9,2.9,2.4,1.1,5,5,3,3,5,5,6,4,5,6,6,5,5,6,3,7,7,6,6,6,3,7,6,5,5,5,3,5,5,5,7,6,4,1,2,6,2,2,violin,31,50,29,37,36,86,6,6,6,6,6,6,6,7,5,5,7,7,6,6,7,7,7,1,6,1,5,4,7,6,5,3,36,37,33,8,30,114,1,2,2,0,0,0,2,1,2,1,2,2,2,2,2,1,1,2,2,2,2,0,1,1,2,1,2,1,1,0,0,0,1,1,1,2,2,1,1,2,2,1,1,0,5.5,7,5.5,4.5,5,27.5,0,30.29,1,0,2,19,11,8,15,3,0,0,0,0,0,0,0,0,4,1
13127,1,1,1,1,1,2,2,1,3,4,2,1,2,3,3,2,1,1,4,3,3,4,3,4,4,2,3,1,4,3,2,1,1,3,4,1.79,0,6,2.5,3.5,4.9,4,5.3,2.3,6,6,3,2,5,6,6,4,6,5,5,4,6,6,5,7,2,7,4,5,2,7,5,5,2,2,5,2,3,1,7,5,6,3,3,6,4,3,Clarinet,33,47,35,21,35,78,3,5,4,6,6,5,3,3,2,4,7,3,5,3,6,5,3,2,2,3,6,7,6,6,3,3,29,22,22,7,31,80,1,1,1,0,0,2,1,1,2,2,2,2,2,2,2,1,2,0,1,0,0,0,2,0,2,0,1,2,0,0,2,0,0,2,0,0,2,0,1,1,1,2,1,2,5.5,6.5,2.5,3.5,5,23,1,24.79,1,0,1,23,13,7,16,1,0,0,0,17,1,1,1,2,1,3
34085,3,1,1,1,0,1,1,2,4,4,2,2,1,3,4,3,2,1,1,4,3,2,3,4,4,2,1,1,4,4,1,2,1,4,4,2,.67,5.7,2.2,3.5,5,4.7,5.2,2.4,7,5,5,4,3,6,7,7,7,5,4,5,5,6,7,7,5,6,5,7,5,7,4,6,1,7,7,7,6,5,4,6,4,2,5,5,4,7,piano,53,47,37,33,35,94,6,4,5,6,7,5,1,1,1,4,1,1,4,3,6,6,5,1,1,1,7,4,6,1,5,4,33,9,24,3,27,69,0,2,2,1,1,0,2,0,2,1,2,2,2,2,1,2,0,2,2,1,2,2,2,2,2,0,2,2,1,2,1,2,2,2,0,2,2,1,2,2,2,2,0,0,5.5,6.5,6.5,8,5.5,32,0,34.67,2,0,2,19,11,6,16,3,0,1,1,0,0,0,0,0,7,1
84111,1,1,1,1,1,2,1,1,3,4,1,1,2,2,4,1,3,3,4,4,1,2,1,4,4,3,2,1,4,4,1,1,1,4,4,2.25,.5,6.2,2,4.2,5.8,5,4.8,1.4,7,7,5,6,7,6,7,7,7,7,7,7,7,6,7,7,6,7,6,7,6,6,7,7,6,5,7,7,6,5,7,6,4,5,6,6,2,3,Voice,54,59,37,43,41,109,3,4,6,3,7,3,5,5,4,5,5,4,4,3,5,6,5,5,4,7,5,6,1,1,3,3,26,28,23,16,19,93,2,2,2,0,1,2,2,2,2,2,2,2,2,2,2,1,0,2,2,2,2,2,2,2,2,1,2,2,2,0,2,2,2,2,0,0,1,2,1,1,2,2,2,2,8.5,6.5,7.5,7,6.5,36,1,36,3,1,2,23,7,8,16,9,0,.5,.5,7,5,0,0,0,8,3
