Participant ID;HG1 groove;HG1 like;HG1 familiar;HG2 groove;HG2 like;HG2 familiar;HG3 groove;HG3 like;HG3 familiar;HG4 groove;HG4 like;HG4 familiar;HG5 groove;HG5 like;HG5 familiar;HG6 groove;HG like;HG familiar;HG7 groove;HG7 like;HG7 familiar;HG8 groove;HG8 like;HG8 familiar;HG9 groove;HG9 like;HG9 familiar;HG10 groove;HG10 like;HG10 familiar;LG1 groove;LG1 like;LG1 familiar;LG2 groove;LG2 like;LG2 familiar;LG3 groove;LG3 like;LG3 familiar;LG4 groove;LG4 like;LG4 familiar;LG5 groove;LG5 like;LG5 familiar;LG6 groove;LG6 like;LG6 familiar;LG7 groove;LG7 like;LG7 familiar;LG8 groove;LG8 like;LG8 familiar;LG9 groove;LG9 like;LG9 familiar;LG10 groove;LG10 like;LG10 familiar
1;7;7;7;6;6;1;7;5;1;7;4;1;7;6;1;6;4;1;6;4;1;5;6;1;7;7;7;7;7;7;1;1;1;5;6;1;7;7;1;2;1;1;5;7;1;3;4;1;4;4;1;3;1;1;1;3;1;2;4;1
12258;7;5;2;6;7;5;7;4;4;6;3;3;5;4;4;5;6;4;5;4;1;3;7;7;7;7;7;5;4;3;1;3;1;2;6;4;5;4;4;1;4;1;1;6;1;1;3;2;1;4;1;1;3;1;1;3;1;1;3;1
13127;7;5;7;7;5;3;6;2;3;6;6;3;5;3;5;6;3;5;5;5;6;6;6;7;7;7;7;5;7;7;2;6;7;2;3;1;6;6;1;3;4;2;2;4;1;2;3;2;2;5;2;2;5;5;3;3;1;1;1;1
13240;6;5;6;4;2;1;7;6;6;6;5;6;6;4;1;3;2;1;3;3;2;2;5;5;7;6;7;7;7;5;3;7;7;3;3;1;2;3;1;1;2;1;1;3;1;1;4;1;2;3;1;2;3;1;1;4;1;1;3;1
14147;4;3;1;1;4;1;7;1;1;7;7;7;5;4;5;7;7;1;6;4;1;7;7;7;7;7;7;7;7;7;5;5;5;7;7;1;7;7;5;1;1;1;7;7;4;7;7;1;7;7;1;3;3;1;1;4;3;1;4;1
14876;4;4;5;4;4;1;4;4;1;7;7;7;6;5;1;3;4;1;4;5;1;4;6;7;7;6;5;7;7;5;1;1;1;2;3;1;5;4;1;3;4;1;5;6;1;4;5;1;1;3;1;1;2;1;2;3;1;1;2;1
15104;6;6;6;6;6;5;6;6;4;7;6;4;6;5;5;5;5;5;7;7;4;3;7;7;6;5;4;4;4;5;2;3;2;3;2;3;2;2;1;2;3;4;3;4;4;3;3;3;2;2;1;1;5;4;2;2;2;1;2;1
16841;6;5;5;4;5;2;7;4;2;4;5;6;5;5;4;3;4;4;5;6;2;1;7;7;6;6;2;5;6;2;2;5;4;2;4;1;2;5;1;1;3;1;3;6;3;1;4;1;1;6;1;1;5;1;1;5;1;1;4;2
16846;7;7;7;5;5;2;7;7;5;6;7;5;7;5;5;6;6;5;5;6;5;7;7;7;6;6;6;5;6;4;4;6;6;3;5;1;2;4;1;2;5;3;3;6;2;4;6;5;2;6;3;3;6;3;1;4;1;1;5;1
17207;7;6;7;5;4;1;7;6;1;5;6;7;6;4;1;4;3;1;7;6;1;4;6;7;7;7;7;6;7;7;2;7;7;3;5;1;5;7;2;2;4;5;3;7;2;4;7;1;2;7;1;2;5;1;1;3;1;3;5;1
17207;7;6;6;6;6;1;7;4;1;7;6;7;7;5;2;6;3;1;6;6;2;6;5;2;7;6;4;7;7;6;5;5;6;2;4;2;2;4;1;1;2;1;5;6;1;1;4;1;1;3;1;1;5;1;2;5;1;3;3;1
17419;7;6;7;5;5;1;7;6;2;7;6;7;7;6;1;6;3;1;7;6;1;3;4;1;6;4;6;6;5;7;2;7;7;2;2;1;1;5;1;1;2;1;1;2;1;2;4;1;1;2;1;2;3;1;1;4;1;1;1;1
19452;7;7;7;7;7;2;7;7;7;7;7;7;5;6;7;7;7;2;7;7;3;4;7;7;7;7;6;7;7;7;3;5;4;5;5;4;5;5;2;1;5;1;4;6;3;2;7;1;1;4;1;4;7;2;1;1;1;2;4;2
19990;7;7;7;6;6;1;6;4;4;6;5;2;6;6;5;6;6;2;5;6;5;1;7;7;5;5;2;5;7;5;3;2;4;2;5;1;4;3;3;3;3;1;2;6;1;1;4;1;4;6;1;1;5;1;2;6;1;1;5;1
23663;7;7;7;3;5;3;7;7;3;7;7;7;6;6;5;6;6;5;6;7;4;7;7;7;5;7;5;6;7;6;1;3;1;4;7;2;6;7;1;2;6;2;5;7;1;2;5;1;2;4;2;3;7;2;2;4;1;3;6;1
24639;1;1;7;1;1;1;1;1;6;7;7;1;1;4;1;6;6;1;2;5;2;7;7;7;5;4;7;7;7;7;7;7;7;1;4;1;1;1;1;1;2;1;3;5;1;1;2;1;1;6;1;1;4;1;1;4;1;1;1;1
25654;7;7;7;7;7;1;7;7;1;7;6;7;7;3;1;7;2;1;6;7;1;7;5;7;7;7;7;7;5;7;1;3;7;1;2;1;5;5;1;2;2;1;1;6;1;1;6;1;4;7;1;1;3;1;2;2;1;1;3;1
25755;7;6;5;4;5;2;6;6;4;5;5;2;4;3;1;4;4;3;5;6;5;6;7;6;4;5;3;6;6;3;4;4;2;2;3;1;1;1;1;2;3;1;2;2;1;2;3;2;3;3;1;2;3;2;1;2;1;1;1;1
25815;7;7;7;3;1;1;5;2;7;7;7;1;7;3;7;5;2;1;5;5;3;6;5;7;7;7;7;7;6;7;5;7;7;2;4;1;4;4;1;1;5;3;1;6;1;2;5;7;1;4;1;1;1;1;1;4;1;1;7;1
26989;7;4;5;1;1;1;7;3;5;7;5;7;1;1;1;1;4;2;1;3;3;2;7;4;1;4;5;2;1;1;1;2;1;1;2;1;1;2;1;1;1;1;1;1;1;1;1;1;1;2;1;1;3;1;2;1;1;2;2;1
27044;4;4;2;6;5;1;7;6;3;5;5;7;5;4;2;4;5;1;4;6;2;6;6;3;5;5;5;5;5;4;1;4;1;3;2;1;1;5;1;1;3;1;2;3;1;1;5;1;3;4;1;3;4;1;1;2;1;1;3;1
28547;6;4;5;1;2;4;6;4;1;5;3;1;3;5;1;2;2;1;2;2;1;1;4;1;6;5;4;5;5;1;1;4;1;1;3;2;1;5;2;1;4;3;1;6;2;1;5;3;1;5;1;1;3;1;1;6;5;1;6;3
28899;6;5;1;5;4;1;4;4;1;4;4;1;5;4;1;5;5;1;7;7;3;5;7;7;6;6;4;5;4;1;4;4;7;4;4;1;4;4;1;3;3;1;3;4;1;4;4;1;3;3;1;3;3;1;1;1;1;1;5;1
29087;6;5;5;3;2;1;7;5;7;7;5;5;3;1;1;1;1;1;4;1;1;1;7;7;4;4;1;7;5;5;2;4;1;1;1;1;1;1;1;1;1;1;1;1;1;1;1;1;1;1;1;1;1;1;1;1;1;1;1;1
30764;7;7;7;7;5;2;7;7;6;7;5;7;7;6;4;7;5;3;6;4;2;7;6;7;5;6;2;5;5;6;6;7;7;2;4;1;4;2;1;3;6;6;2;5;5;1;1;1;2;3;1;3;6;6;3;1;1;1;2;2
31018;7;7;7;6;5;1;7;5;4;7;7;7;6;4;4;7;7;6;7;7;5;7;7;7;2;1;1;4;1;1;1;1;1;1;1;1;1;1;1;1;1;1;1;1;1;1;1;1;1;1;1;1;1;1;4;4;1;1;1;1
31962;7;6;7;3;3;2;5;2;3;6;4;2;3;2;2;6;5;3;6;4;2;2;5;2;4;5;7;3;2;2;2;4;3;5;7;3;4;4;1;2;3;1;2;3;2;1;5;1;3;4;2;2;5;2;1;2;1;3;4;1
32001;7;7;3;5;5;1;7;6;2;7;6;1;6;5;1;7;6;6;7;5;2;5;5;7;4;4;1;6;5;1;3;5;5;2;4;1;4;2;1;1;4;1;2;3;5;5;7;5;4;7;1;3;5;1;2;7;1;2;6;1
32375;7;7;7;5;4;1;6;5;1;6;5;1;7;6;4;5;4;1;5;5;2;5;7;7;2;2;1;1;3;3;1;2;1;1;2;1;1;1;1;1;1;1;1;1;1;1;1;1;1;1;1;1;1;1;1;1;1;1;1;1
33546;7;6;6;6;2;2;7;5;2;6;4;7;6;4;3;6;7;1;7;7;3;6;7;6;7;7;7;7;7;7;3;7;7;3;5;2;3;4;4;2;2;1;4;4;4;1;2;1;5;5;2;3;5;3;1;3;2;1;2;2
33791;7;7;7;5;4;2;7;3;1;7;5;7;5;4;1;5;4;1;6;5;3;5;6;6;7;5;7;5;7;3;1;1;1;2;1;1;1;3;1;1;1;1;1;3;2;1;2;1;1;4;1;1;1;1;1;1;1;3;4;1
34085;6;7;7;5;4;3;6;4;3;7;5;7;6;4;6;5;3;1;6;6;4;4;5;7;7;7;7;5;5;7;1;4;7;2;3;1;5;3;5;2;5;1;3;5;1;3;6;4;1;4;1;1;4;1;3;6;1;1;7;2
35737;7;7;7;7;7;1;7;7;1;7;7;7;7;6;1;7;6;1;7;7;1;7;7;7;7;7;7;7;7;7;1;6;1;1;7;1;1;6;1;1;6;1;1;7;3;1;7;1;4;7;1;2;6;1;1;5;1;1;5;1
36284;7;6;6;6;5;3;6;4;2;6;4;1;6;4;5;5;4;3;6;5;4;6;7;7;7;6;5;6;7;5;4;3;2;5;4;3;3;5;3;3;5;2;5;7;5;4;6;4;4;6;4;3;5;2;2;5;2;3;3;1
38316;7;7;7;4;3;6;7;6;7;5;2;5;4;1;1;3;2;1;4;1;1;6;3;7;7;7;7;7;7;7;7;7;7;2;2;2;2;3;1;1;2;1;2;2;2;2;6;2;1;2;1;2;2;2;2;4;3;2;3;2
38418;7;7;7;7;7;1;7;7;6;7;7;7;7;7;7;7;6;3;7;7;1;4;7;7;7;7;7;7;7;1;1;4;1;1;4;1;1;1;1;1;5;3;1;4;1;7;7;1;1;5;1;1;3;1;1;4;7;4;7;1
38656;4;4;6;5;1;1;2;1;1;2;2;1;2;1;1;2;1;1;2;1;1;3;5;5;3;3;5;2;3;1;2;2;5;3;4;1;1;4;1;1;4;1;2;7;1;1;7;1;1;5;1;1;1;1;1;4;1;2;7;1
38736;7;7;7;7;7;1;7;5;7;7;7;7;7;5;7;7;5;7;7;5;5;7;7;7;7;7;1;7;7;7;5;5;7;4;6;1;5;5;1;3;5;2;1;5;1;1;6;5;3;5;2;2;7;1;2;7;4;1;3;1
38750;4;6;5;5;4;1;6;4;1;5;5;7;7;5;1;5;3;1;5;3;1;3;7;7;7;6;7;5;4;7;4;5;1;2;2;1;5;5;1;2;4;1;6;6;3;3;3;1;2;5;1;1;2;1;3;2;1;4;5;1
38924;7;7;7;2;2;1;6;3;1;7;7;7;3;2;1;4;2;1;5;4;1;3;5;2;7;7;7;7;7;7;5;7;7;3;4;1;5;5;1;3;4;1;3;7;1;2;6;1;1;1;1;2;5;1;1;2;1;1;1;1
39090;7;6;7;5;5;2;4;4;3;6;6;6;6;6;6;6;5;2;3;3;3;6;6;7;7;7;7;6;6;6;3;4;5;2;3;1;3;4;1;2;3;1;2;3;1;1;2;1;2;4;1;1;3;1;2;4;1;2;5;1
39788;7;4;7;5;4;1;7;4;7;7;5;7;6;3;4;5;3;1;5;5;2;3;5;7;7;6;7;7;7;7;3;6;7;3;3;2;3;3;1;1;2;1;1;6;3;1;3;1;2;3;1;2;2;1;1;3;1;1;2;1
40653;5;3;7;3;2;2;4;2;4;4;2;3;4;2;2;1;1;1;2;2;2;1;2;6;7;7;7;6;7;7;1;1;1;2;2;2;2;5;6;2;2;2;2;6;5;2;3;5;2;2;2;1;1;1;3;5;4;2;2;2
41050;3;4;4;4;4;1;6;7;3;5;5;1;4;4;4;4;4;1;6;6;4;5;6;2;5;4;5;4;4;5;3;4;3;1;1;1;2;5;1;1;2;1;2;3;1;1;3;1;1;3;1;2;4;2;1;4;1;1;1;1
41292;7;7;7;6;5;1;7;7;7;7;7;7;7;6;3;7;6;2;6;6;3;5;5;7;7;6;7;7;7;7;4;5;5;1;2;1;3;2;1;2;3;1;1;3;1;2;1;1;1;3;1;1;3;1;3;5;1;1;2;1
41407;7;7;7;6;5;1;7;7;7;6;5;7;6;6;7;5;3;1;7;5;1;5;5;4;6;6;7;5;6;6;2;6;7;3;4;3;2;5;1;1;3;2;2;4;2;1;2;1;1;4;1;2;4;1;1;4;1;1;2;1
41588;5;5;6;4;4;1;5;5;1;7;7;7;6;6;1;5;6;2;3;4;1;7;7;7;6;6;7;4;6;6;1;2;1;1;3;1;1;2;1;5;4;1;1;6;1;1;5;1;1;3;1;2;5;1;1;3;1;1;5;1
42314;7;7;7;4;4;1;5;4;1;7;6;7;5;4;5;5;6;5;6;7;1;7;7;7;5;4;6;6;5;7;1;3;1;1;2;1;1;1;1;1;3;1;1;1;1;3;2;1;1;1;1;2;4;1;2;5;1;1;2;1
43433;7;6;7;3;5;1;7;2;1;6;6;7;3;1;1;5;2;1;2;4;1;1;7;7;7;5;3;5;5;5;2;4;5;4;2;1;4;5;1;1;1;1;3;4;1;1;2;1;2;4;1;1;1;1;1;2;1;1;1;1
44123;7;7;7;6;7;4;7;7;5;7;7;7;7;7;5;6;4;5;7;6;5;7;7;7;7;7;3;7;7;6;5;2;1;2;5;2;5;7;4;3;6;6;7;7;6;3;7;5;3;6;2;3;5;1;5;6;1;3;7;3
44223;5;4;1;3;4;1;7;5;1;6;6;1;7;3;1;7;6;1;6;5;1;5;7;7;5;5;1;6;4;1;1;3;1;3;2;1;1;3;1;3;5;1;1;4;1;1;5;1;1;2;1;2;4;1;1;1;1;1;3;1
44230;7;7;7;7;7;2;7;7;7;7;7;7;7;6;2;7;7;2;6;7;1;7;7;7;4;4;6;6;6;6;3;5;1;5;5;1;4;5;2;3;3;1;3;5;1;4;6;4;5;6;3;4;7;1;2;3;1;3;5;1
45764;7;6;7;5;5;2;7;7;4;6;6;6;7;7;4;6;6;1;5;7;1;4;7;7;5;5;5;6;7;2;1;3;1;1;3;1;3;7;1;1;2;1;1;4;1;1;5;1;1;7;2;1;5;1;1;4;1;1;4;1
45829;7;5;4;7;6;1;7;2;1;7;5;5;7;5;1;7;5;1;7;6;1;4;4;4;7;6;6;5;5;5;3;3;2;4;4;1;4;3;1;3;3;1;4;5;1;3;5;1;2;5;1;4;6;1;2;3;1;3;4;1
46002;3;2;6;4;4;1;1;1;1;7;7;7;1;1;3;5;6;2;3;3;1;7;7;7;4;2;1;5;5;1;1;1;1;1;3;1;1;1;1;1;1;1;1;4;1;1;6;1;1;1;1;1;1;1;1;1;1;1;1;3
46258;5;5;2;4;4;2;5;5;2;6;7;6;5;5;2;5;5;2;5;6;2;3;6;6;3;4;2;5;6;2;2;4;2;2;4;2;2;3;2;2;3;2;2;5;2;2;3;2;2;4;2;3;5;2;2;3;2;2;5;2
46916;7;7;7;5;6;2;7;3;2;7;7;7;6;3;2;5;5;2;7;7;2;7;7;7;7;7;7;5;7;7;2;4;3;3;3;1;1;1;1;1;2;1;1;2;1;2;2;2;4;4;2;1;2;2;2;2;1;1;1;1
47467;4;1;1;2;2;1;6;3;4;6;4;1;5;3;5;1;2;1;5;3;1;5;4;2;5;4;6;7;6;5;2;4;1;5;6;1;6;6;3;1;1;1;7;7;4;1;5;3;5;7;2;1;7;1;5;5;1;5;7;1
47483;7;7;7;2;3;3;7;5;5;6;4;3;6;5;5;4;4;5;5;5;4;5;7;7;7;7;5;6;6;5;1;2;3;1;1;1;4;5;3;1;3;1;1;5;5;1;2;3;1;2;4;2;3;1;1;3;4;1;1;2
51804;5;3;3;4;3;3;5;4;1;7;5;2;6;3;1;6;5;3;5;3;5;2;4;5;5;6;7;3;3;1;5;5;7;1;4;1;3;2;1;1;3;2;1;5;5;1;4;1;1;5;5;1;4;1;1;3;1;1;2;1
52779;6;4;5;5;1;1;7;6;5;7;7;7;4;2;1;6;4;1;6;5;1;1;7;7;7;6;4;7;7;3;2;6;6;3;6;1;2;5;1;1;1;1;1;1;1;1;1;1;2;2;1;2;3;1;1;1;1;1;2;1
54125;5;5;5;4;4;2;6;5;2;3;2;1;5;3;4;6;5;5;2;2;1;1;3;2;4;3;5;3;4;4;1;2;1;1;3;2;1;3;1;1;2;1;1;3;1;1;2;2;2;4;1;1;2;1;1;2;3;1;3;1
54945;7;7;7;7;7;1;7;7;7;7;7;3;4;4;1;7;4;3;6;6;2;5;5;7;7;5;4;6;5;4;1;7;7;2;3;1;2;3;1;1;2;1;1;5;1;1;7;1;1;4;2;4;6;7;1;3;1;1;2;1
55605;5;4;7;3;3;4;4;2;7;5;3;4;5;4;6;4;4;7;2;1;5;1;5;7;7;7;7;7;7;6;1;2;1;5;7;6;6;6;5;1;1;3;5;6;6;1;1;1;1;3;2;2;7;4;3;5;4;1;2;4
55722;3;2;2;5;2;1;4;1;2;3;2;1;3;1;1;2;1;1;2;1;1;2;1;1;6;4;2;5;3;2;1;2;7;2;3;1;5;6;1;3;4;3;2;5;1;1;4;1;2;5;1;1;2;1;1;2;1;1;1;1
55908;5;4;5;5;6;1;6;2;1;7;6;3;5;3;5;5;3;1;6;6;1;4;6;6;5;6;5;7;7;6;3;4;1;2;6;1;2;6;4;3;5;1;2;6;1;3;7;2;2;5;2;3;5;2;2;3;1;2;4;1
56633;4;2;1;5;4;4;4;4;2;2;2;1;6;6;3;4;4;2;5;3;3;6;6;7;7;6;6;5;4;2;1;1;1;5;3;2;2;1;1;1;1;1;1;1;3;1;1;1;1;1;1;2;3;3;1;2;2;1;1;1
56990;7;7;7;7;5;1;7;4;1;7;7;7;7;4;1;7;6;2;7;7;4;7;7;7;7;7;7;7;7;7;4;7;7;4;7;2;2;7;2;2;5;1;7;7;1;1;7;3;2;7;1;5;7;4;1;4;1;2;7;1
57708;7;7;5;7;6;1;7;7;1;7;7;1;7;6;1;5;6;1;7;7;3;7;7;7;7;7;1;7;7;1;2;7;7;1;3;1;3;5;1;1;5;1;1;7;1;2;6;1;1;6;1;3;7;7;1;6;1;1;4;1
57895;6;4;4;4;3;1;5;4;1;5;3;1;6;3;2;4;2;1;4;2;1;4;3;4;6;5;3;5;4;1;3;3;3;1;2;2;6;6;2;1;1;1;2;6;3;2;3;1;1;6;2;2;4;1;1;3;1;1;2;1
59773;5;3;4;6;7;5;7;4;4;7;4;2;6;4;3;7;3;4;6;3;3;3;6;7;5;6;5;5;7;6;2;4;5;2;5;1;2;3;3;1;3;2;1;5;4;1;6;3;1;3;2;2;6;1;2;6;4;1;5;1
61514;7;7;7;7;5;1;7;7;7;7;7;7;6;4;4;6;5;1;5;3;1;4;7;7;6;3;1;5;3;1;5;3;1;4;3;1;2;2;1;3;2;1;4;5;1;2;2;1;1;1;1;4;2;1;1;1;1;1;1;1
61771;7;7;7;5;2;1;6;3;2;5;4;7;5;5;4;6;2;2;5;2;2;4;5;7;6;7;7;7;7;7;1;7;7;2;5;5;5;2;1;1;2;1;4;3;2;1;4;1;2;2;1;1;2;1;1;5;1;1;2;1
64980;7;7;1;7;7;3;7;7;1;7;7;1;7;6;2;7;7;1;6;6;1;7;7;7;7;7;6;6;5;1;4;3;2;5;5;1;5;5;1;4;4;1;6;7;4;4;6;2;4;5;2;3;5;1;3;3;1;2;4;1
65916;5;5;6;4;4;1;3;2;1;6;6;7;4;3;1;4;4;1;2;2;1;2;5;7;5;6;5;5;5;5;2;6;6;1;3;1;4;4;1;2;3;1;1;5;1;1;2;1;2;5;1;2;2;1;1;3;1;1;3;1
66729;2;4;7;3;7;5;7;6;7;4;4;7;4;2;5;2;3;5;4;3;5;3;3;7;7;7;7;7;5;7;1;4;5;1;5;7;1;4;5;1;4;5;1;6;6;2;6;5;1;3;5;1;3;2;2;6;5;1;3;2
67958;7;6;6;7;6;3;7;6;1;7;5;6;7;4;5;7;6;1;6;5;1;7;7;7;7;6;5;7;7;3;5;2;2;5;6;2;5;6;3;2;3;1;5;6;5;5;5;6;5;6;4;6;6;2;3;2;1;4;6;3
70532;7;7;7;7;7;1;6;5;1;7;7;7;4;5;2;4;4;1;5;6;2;3;7;7;7;7;7;7;7;7;2;5;7;1;6;1;4;5;1;1;5;3;2;5;1;1;5;1;2;7;1;1;6;1;1;6;1;1;4;1
70785;7;7;7;6;5;1;7;4;1;6;4;1;6;4;1;5;4;1;5;2;1;3;6;7;4;3;4;4;4;3;1;1;1;1;3;1;2;1;1;1;1;1;2;5;1;1;2;1;1;1;1;2;3;1;1;5;1;1;1;1
71091;7;7;7;7;7;7;7;7;5;7;7;5;7;7;4;7;7;5;7;6;3;7;7;7;3;5;3;7;7;5;1;1;1;1;1;1;1;1;1;1;1;1;1;1;1;1;1;1;1;1;1;1;1;1;1;1;1;1;1;1
71708;6;7;6;6;5;4;2;4;1;5;6;5;5;5;2;5;4;1;5;4;1;5;5;2;6;7;7;4;6;6;2;7;7;2;6;2;2;5;2;2;5;2;3;6;2;2;6;2;4;7;2;4;5;1;1;6;3;2;6;5
71955;7;7;7;7;5;1;7;7;7;5;5;7;7;7;7;5;3;2;5;4;1;4;5;6;5;5;3;7;6;7;5;7;7;4;4;1;2;3;1;1;2;1;1;3;1;2;4;1;3;3;1;2;5;3;1;4;1;1;2;1
72110;7;6;5;7;4;1;3;2;1;4;4;7;7;5;5;6;3;1;6;5;1;4;6;7;7;5;7;7;7;7;4;5;7;3;4;1;5;5;1;2;1;1;1;6;1;2;6;1;4;6;1;1;3;1;2;3;1;2;6;1
72698;7;7;7;1;7;1;7;7;1;1;1;7;7;7;1;1;1;1;1;1;1;1;1;1;1;1;7;1;1;7;1;7;7;1;1;1;1;7;1;1;1;1;1;1;1;1;1;1;1;7;1;1;1;1;1;1;1;1;1;1
73863;7;7;7;4;5;1;3;2;1;5;3;1;4;2;1;7;6;1;4;5;1;7;7;7;4;3;1;3;2;1;2;3;1;1;2;1;1;1;1;1;2;2;4;2;1;1;1;1;1;6;1;2;2;1;2;5;1;1;1;1
74462;7;6;6;7;6;3;6;5;2;7;7;7;5;4;2;7;7;3;6;6;4;7;7;7;7;6;6;5;5;5;4;4;7;3;2;2;5;4;1;2;3;1;4;4;2;1;2;1;5;6;3;4;5;2;3;3;1;2;2;1
74964;7;7;7;6;4;1;6;6;4;4;4;5;5;4;1;7;6;1;3;2;1;6;7;7;7;5;2;2;2;1;2;3;2;4;4;1;3;3;1;1;1;1;2;2;1;1;2;1;4;5;1;1;1;1;1;1;1;1;4;2
76980;7;7;7;4;4;1;4;3;1;7;6;6;5;4;3;5;4;1;6;4;1;7;7;7;7;6;6;6;5;7;2;2;4;4;4;1;5;4;1;4;4;1;5;5;5;5;6;4;3;3;1;3;1;1;2;1;1;2;3;1
78161;7;6;6;6;5;1;7;5;2;6;4;1;6;5;4;6;3;1;6;5;1;5;5;1;4;5;1;4;4;2;1;3;6;4;5;1;4;4;2;2;4;1;1;5;1;1;7;1;3;5;3;1;3;1;1;4;1;2;5;1
78214;7;5;4;7;6;1;2;2;1;6;5;7;3;2;1;7;7;1;4;4;3;7;7;7;7;7;7;6;5;7;7;7;7;4;4;1;3;3;2;1;1;1;2;2;1;2;2;1;3;3;1;1;1;1;1;1;1;1;1;1
78336;3;2;5;5;6;4;4;2;7;2;3;2;5;4;5;4;3;4;5;5;6;6;4;6;7;5;4;4;3;1;6;5;5;5;6;6;6;3;5;5;5;6;5;7;3;3;4;7;6;4;6;6;3;5;2;1;3;3;1;3
79844;7;6;4;7;6;5;7;6;2;7;6;1;7;5;2;4;7;5;6;6;1;4;6;7;3;6;7;3;6;7;5;4;1;2;6;2;1;7;5;1;1;1;1;7;5;1;3;3;1;3;1;3;4;1;1;5;1;1;4;4
79942;7;6;7;5;3;1;3;2;2;5;5;6;4;3;3;4;4;3;2;2;1;7;7;7;5;4;5;2;4;7;1;1;1;2;4;2;1;3;1;1;1;1;2;6;5;3;4;3;1;2;1;1;2;1;1;1;1;1;2;5
80101;5;7;7;4;3;1;4;2;1;6;5;1;5;2;1;6;6;2;4;5;1;3;7;7;5;7;2;4;5;1;1;1;1;1;3;1;2;2;1;1;1;1;3;6;2;1;4;1;1;2;1;1;1;1;1;5;1;1;4;1
80607;6;6;6;6;5;2;7;6;6;7;7;6;5;4;2;7;6;1;6;5;1;6;7;7;7;6;5;6;6;6;1;2;1;5;5;1;4;2;1;3;3;1;5;5;3;4;4;1;1;3;1;2;3;1;2;4;1;3;3;1
80835;7;7;7;6;4;1;6;4;2;6;5;7;5;5;2;6;2;1;5;3;1;6;6;7;7;5;7;7;4;7;4;5;7;2;2;1;1;3;1;1;3;2;4;2;1;1;2;1;1;3;1;2;5;1;1;2;1;1;2;1
82810;5;6;3;3;2;1;5;5;3;5;6;7;3;2;5;5;3;1;5;5;2;1;3;1;6;6;7;6;6;7;1;3;5;1;1;1;2;5;1;1;2;1;1;5;2;1;1;1;1;5;1;1;1;1;1;2;1;1;2;1
84105;7;7;7;5;2;1;4;4;3;5;4;7;5;4;3;4;1;1;6;6;1;2;3;1;6;6;7;5;6;7;2;6;7;2;5;1;1;1;1;1;1;1;1;3;1;1;2;1;1;3;1;1;2;1;1;4;1;1;2;1
84111;7;7;7;5;4;1;7;5;4;7;6;7;7;5;2;7;5;1;7;7;5;2;7;7;7;7;7;6;5;7;2;4;1;3;4;1;2;3;1;1;4;2;5;6;1;1;6;3;3;6;1;1;6;2;1;5;1;1;6;1
85382;7;5;7;5;4;1;7;6;1;7;7;7;6;5;1;5;2;1;5;5;1;3;7;7;7;7;5;6;7;5;3;3;4;5;5;1;3;2;1;2;1;1;2;3;1;2;6;1;2;5;1;2;3;1;3;6;1;2;4;1
85472;7;7;7;5;3;1;6;3;1;6;5;5;7;5;2;5;5;1;6;6;2;3;6;6;7;7;7;7;7;7;2;4;6;4;6;1;4;6;1;3;4;1;4;5;1;2;4;1;6;7;1;2;5;1;3;7;1;2;5;1
86281;7;6;4;7;6;3;6;5;1;7;7;7;7;6;1;7;6;4;6;6;1;7;7;7;7;7;5;7;7;5;3;6;7;4;6;1;5;5;2;1;4;1;3;6;1;2;5;1;2;3;1;1;1;1;3;4;1;2;5;1
87322;5;5;6;6;5;2;3;3;3;6;5;4;2;3;2;6;4;3;4;3;2;7;7;7;3;3;4;4;3;2;3;3;2;1;2;1;2;3;1;2;3;1;5;6;5;2;2;1;3;4;3;1;2;1;1;3;2;1;2;1
87569;7;7;7;5;4;1;4;3;1;7;7;7;5;3;2;4;3;3;3;3;1;6;7;7;6;7;6;6;7;7;2;3;1;4;4;1;3;3;1;1;1;1;4;5;1;3;4;1;2;4;1;1;2;1;2;3;1;1;1;1
87690;6;7;2;5;4;1;5;4;3;7;7;7;4;4;2;7;7;2;7;6;3;7;7;7;5;4;3;3;3;1;1;1;1;1;2;1;2;2;1;1;2;1;2;3;1;1;2;2;3;5;1;2;2;1;2;2;1;1;1;1
87810;3;3;1;1;1;1;7;6;1;7;7;1;4;3;1;1;1;1;3;3;1;7;7;7;7;7;7;5;4;4;1;1;1;1;1;1;1;1;1;1;2;1;1;1;1;2;3;1;1;1;1;1;1;1;1;1;1;1;1;1
88480;6;6;7;7;5;2;7;7;3;6;5;7;5;4;3;6;5;1;6;6;1;3;3;4;5;4;2;4;4;1;1;5;4;4;5;1;4;3;1;1;1;1;1;4;1;1;4;1;1;3;2;1;3;1;1;5;1;1;4;1
88651;6;7;7;7;4;1;1;4;1;7;7;7;1;4;1;1;1;1;1;6;1;1;4;1;7;5;4;7;7;1;1;7;7;1;4;1;1;1;1;1;1;1;1;3;1;1;4;1;1;5;1;2;5;1;1;3;1;1;3;1
89665;5;1;5;3;3;1;5;1;1;5;2;1;3;1;1;5;4;1;4;1;1;5;7;7;5;5;3;5;5;4;1;1;1;1;3;1;1;2;1;1;2;1;1;6;1;1;4;1;1;6;1;1;6;1;2;5;2;1;4;2
89829;7;7;7;6;7;2;7;7;3;7;5;3;7;4;2;6;5;1;7;4;1;7;7;7;7;6;2;7;7;7;5;7;7;4;4;1;4;5;6;1;2;1;1;6;5;2;6;7;4;7;4;5;5;2;1;4;2;4;7;7
90873;7;6;1;2;3;1;4;3;1;6;5;6;3;2;1;4;5;4;4;5;2;4;6;7;5;6;7;4;5;6;1;3;5;1;4;1;1;3;1;1;2;1;1;4;4;2;6;1;1;2;1;1;5;1;2;5;1;1;3;1
91029;7;6;5;7;5;2;7;5;2;7;5;4;7;5;2;7;5;2;7;6;1;7;7;7;7;6;6;7;6;7;5;5;7;4;5;1;6;6;2;5;4;1;6;5;3;6;7;2;5;6;2;5;6;1;3;4;4;4;5;2
92120;6;5;7;4;3;1;4;3;6;7;5;7;5;3;4;3;1;2;5;4;3;4;6;7;5;5;7;5;4;6;1;3;1;2;6;1;3;5;1;2;3;1;3;7;1;4;6;1;1;5;1;3;4;3;2;5;1;1;4;1
92312;7;7;7;3;4;1;6;7;7;5;6;6;7;7;7;5;3;2;4;4;1;3;5;5;6;6;5;7;7;7;1;7;7;1;6;1;5;5;1;1;5;1;1;6;1;1;4;1;2;5;1;1;6;1;1;5;1;1;5;1
92429;4;3;1;4;4;1;4;4;1;7;7;6;5;5;1;4;3;1;4;4;1;7;7;7;7;7;7;6;6;6;2;3;5;4;4;1;4;4;2;4;4;1;4;5;4;4;5;2;5;5;3;3;3;1;2;3;1;5;5;1
93125;7;5;7;6;5;1;7;5;4;7;5;6;7;6;5;4;2;1;6;4;2;5;4;1;6;4;6;2;3;1;2;5;4;3;2;1;6;5;1;2;1;1;2;3;1;2;3;2;3;2;1;2;2;1;1;3;1;1;1;1
93646;7;7;7;6;7;1;7;7;7;7;7;1;6;6;2;6;7;1;7;7;7;1;7;7;6;6;5;5;6;4;1;5;4;1;3;1;1;2;1;1;1;1;1;2;1;1;4;1;1;6;2;2;5;1;1;2;1;1;2;1
93855;7;7;7;6;5;1;5;2;1;6;5;5;5;3;3;5;4;1;6;5;1;4;7;7;6;5;5;5;4;5;2;5;6;4;4;1;3;2;1;3;5;1;3;3;1;3;5;1;2;4;1;2;4;1;3;3;1;2;4;1
94660;1;1;1;1;1;1;2;2;1;2;2;1;2;2;1;3;4;1;5;5;5;6;7;7;5;6;5;7;6;5;1;1;1;1;3;1;1;2;1;1;1;2;5;7;5;1;2;1;3;6;4;1;1;1;1;3;1;1;2;4
96617;7;7;4;4;7;1;7;5;7;5;5;1;1;4;1;1;7;2;4;7;3;1;7;3;7;6;3;4;7;2;1;7;1;1;4;1;1;7;3;2;5;1;1;7;1;1;7;3;1;7;1;1;4;1;1;7;1;1;5;1
96766;7;7;7;7;2;2;2;3;2;1;1;1;2;1;2;7;7;5;7;6;5;7;7;7;7;7;5;7;7;7;6;6;1;1;1;1;1;1;2;1;1;1;1;3;3;4;5;2;1;1;1;3;2;2;2;1;1;1;3;1
96987;7;7;7;1;1;1;7;7;7;7;7;7;5;2;3;4;3;1;5;7;7;3;7;7;3;7;5;5;6;7;6;7;3;5;5;2;4;3;2;1;2;1;2;4;1;2;1;1;2;2;1;1;3;1;4;1;1;6;3;1
97205;7;7;7;7;6;1;7;3;1;7;7;7;7;7;2;7;3;1;7;7;1;4;3;7;7;7;7;7;7;7;5;7;7;3;7;1;6;7;1;2;2;1;1;7;1;5;7;1;3;5;1;1;1;1;1;2;1;1;2;1
98327;7;7;7;5;3;1;7;4;1;6;2;2;6;4;5;5;4;2;6;3;3;5;7;7;5;5;7;5;5;5;4;3;2;2;2;2;1;1;1;1;1;1;1;1;1;1;5;1;2;4;1;4;3;3;1;1;1;2;2;1
